-- phpMyAdmin SQL Dump
-- version 2.11.4
-- http://www.phpmyadmin.net
--
-- Host: s43.eatj.com:3307
-- Generation Time: Jun 22, 2010 at 02:39 PM
-- Server version: 5.0.77
-- PHP Version: 5.2.6

SET SQL_MODE="NO_AUTO_VALUE_ON_ZERO";

--
-- Database: `piether`
--
CREATE DATABASE `piether` DEFAULT CHARACTER SET latin1 COLLATE latin1_swedish_ci;
USE `piether`;

-- --------------------------------------------------------

--
-- Table structure for table `game`
--

CREATE TABLE IF NOT EXISTS `game` (
  `id` bigint(20) NOT NULL auto_increment,
  `version` bigint(20) NOT NULL,
  `away_team_id` bigint(20) NOT NULL,
  `home_score` int(11) NOT NULL,
  `home_team_id` bigint(20) NOT NULL,
  `away_score` int(11) NOT NULL,
  PRIMARY KEY  (`id`),
  KEY `FK304BF267D5A529` (`away_team_id`),
  KEY `FK304BF2D4A4361A` (`home_team_id`)
) ENGINE=MyISAM DEFAULT CHARSET=latin1 AUTO_INCREMENT=1 ;

--
-- Dumping data for table `game`
--


-- --------------------------------------------------------

--
-- Table structure for table `group_round_team`
--

CREATE TABLE IF NOT EXISTS `group_round_team` (
  `group_round_teams_id` bigint(20) default NULL,
  `team_id` bigint(20) default NULL,
  KEY `FK4C55BC2E6E7BF8C4` (`group_round_teams_id`),
  KEY `FK4C55BC2E167AE97A` (`team_id`)
) ENGINE=MyISAM DEFAULT CHARSET=latin1;

--
-- Dumping data for table `group_round_team`
--

INSERT INTO `group_round_team` (`group_round_teams_id`, `team_id`) VALUES
(1, 1),
(1, 2),
(1, 3),
(1, 4),
(2, 5),
(2, 6),
(2, 7),
(2, 8),
(3, 9),
(3, 10),
(3, 11),
(3, 12),
(4, 13),
(4, 14),
(4, 15),
(4, 16),
(5, 17),
(5, 18),
(5, 19),
(5, 20),
(6, 21),
(6, 22),
(6, 23),
(6, 24),
(7, 25),
(7, 26),
(7, 27),
(7, 28),
(8, 29),
(8, 30),
(8, 31),
(8, 32),
(25, 1),
(25, 2),
(25, 3),
(25, 4),
(26, 5),
(26, 6),
(26, 7),
(26, 8),
(27, 9),
(27, 10),
(27, 11),
(27, 12),
(28, 13),
(28, 14),
(28, 15),
(28, 16),
(29, 17),
(29, 18),
(29, 19),
(29, 20),
(30, 21),
(30, 22),
(30, 23),
(30, 24),
(31, 25),
(31, 26),
(31, 27),
(31, 28),
(32, 29),
(32, 30),
(32, 31),
(32, 32);

-- --------------------------------------------------------

--
-- Table structure for table `other_predictions`
--

CREATE TABLE IF NOT EXISTS `other_predictions` (
  `id` bigint(20) NOT NULL auto_increment,
  `version` bigint(20) NOT NULL,
  `best_young_player_id` bigint(20) NOT NULL,
  `golden_ball_id` bigint(20) NOT NULL,
  `fair_play_award_id` bigint(20) NOT NULL,
  `best_goalie_id` bigint(20) NOT NULL,
  `most_entertaining_team_id` bigint(20) NOT NULL,
  `golden_shoe_id` bigint(20) NOT NULL,
  `user_id` bigint(20) NOT NULL,
  `next_prime_minister` varchar(255) NOT NULL,
  PRIMARY KEY  (`id`),
  KEY `FK4052CF1538E9017A` (`golden_shoe_id`),
  KEY `FK4052CF159F09E938` (`best_young_player_id`),
  KEY `FK4052CF15A9860DE6` (`golden_ball_id`),
  KEY `FK4052CF1563804ABA` (`user_id`),
  KEY `FK4052CF15C6F40C4A` (`fair_play_award_id`),
  KEY `FK4052CF157664B11` (`best_goalie_id`),
  KEY `FK4052CF155F7C17EF` (`most_entertaining_team_id`)
) ENGINE=MyISAM  DEFAULT CHARSET=latin1 AUTO_INCREMENT=2 ;

--
-- Dumping data for table `other_predictions`
--

INSERT INTO `other_predictions` (`id`, `version`, `best_young_player_id`, `golden_ball_id`, `fair_play_award_id`, `best_goalie_id`, `most_entertaining_team_id`, `golden_shoe_id`, `user_id`, `next_prime_minister`) VALUES
(1, 0, 27, 489, 12, 532, 1, 556, 1, 'olala');

-- --------------------------------------------------------

--
-- Table structure for table `player`
--

CREATE TABLE IF NOT EXISTS `player` (
  `id` bigint(20) NOT NULL auto_increment,
  `version` bigint(20) NOT NULL,
  `date_of_birth` datetime NOT NULL,
  `nr` int(11) NOT NULL,
  `height` int(11) NOT NULL,
  `name` varchar(255) NOT NULL,
  `pos` varchar(3) NOT NULL,
  `clubs` varchar(255) default NULL,
  PRIMARY KEY  (`id`)
) ENGINE=MyISAM  DEFAULT CHARSET=latin1 AUTO_INCREMENT=737 ;

--
-- Dumping data for table `player`
--

INSERT INTO `player` (`id`, `version`, `date_of_birth`, `nr`, `height`, `name`, `pos`, `clubs`) VALUES
(1, 0, '1986-05-23 00:00:00', 23, 181, 'Thanduyise KHUBONI', 'MF', 'Golden Arrows (RSA)'),
(2, 0, '1981-10-19 00:00:00', 15, 170, 'Lucas THWALA', 'DF', 'Orlando Pirates (RSA)'),
(3, 0, '1982-12-22 00:00:00', 11, 172, 'Teko MODISE', 'MF', 'Orlando Pirates (RSA)'),
(4, 0, '1977-12-02 00:00:00', 18, 173, 'Siyabonga NOMVETHE', 'FW', 'Moroka Swallows (RSA)'),
(5, 0, '1987-10-20 00:00:00', 5, 177, 'Anele NGCONGCA', 'DF', 'Racing Genk (BEL)'),
(6, 0, '1985-04-11 00:00:00', 7, 171, 'Lance DAVIDS', 'MF', 'Ajax Cape Town (RSA)'),
(7, 0, '1986-03-16 00:00:00', 17, 172, 'Bernard PARKER', 'FW', 'Twente Enschede (NED)'),
(8, 0, '1977-11-25 00:00:00', 6, 176, 'MacBeth SIBAYA', 'MF', 'Rubin Kazan (RUS)'),
(9, 0, '1982-03-17 00:00:00', 10, 173, 'Steven PIENAAR', 'MF', 'Everton (ENG)'),
(10, 0, '1984-11-24 00:00:00', 13, 180, 'Kagisho DIKGACOI', 'MF', 'Fulham (ENG)'),
(11, 0, '1981-12-26 00:00:00', 22, 188, 'Shu-Aib WALTERS', 'GK', 'Maritzburg Utd. (RSA)'),
(12, 0, '1981-09-29 00:00:00', 21, 182, 'Siyabonga SANGWENI', 'DF', 'Golden Arrows (RSA)'),
(13, 0, '1987-06-20 00:00:00', 16, 180, 'Itumeleng KHUNE', 'GK', 'Kaizer Chiefs (RSA)'),
(14, 0, '1977-03-14 00:00:00', 14, 198, 'Matthew BOOTH', 'DF', 'Mamelodi Sundowns (RSA)'),
(15, 0, '1984-09-25 00:00:00', 8, 170, 'Siphiwe TSHABALALA', 'MF', 'Kaizer Chiefs (RSA)'),
(16, 0, '1985-05-05 00:00:00', 3, 174, 'Tsepo MASILELA', 'DF', 'Maccabi Haifa (ISR)'),
(17, 0, '1982-06-09 00:00:00', 12, 173, 'Reneilwe LETSHOLONYANE', 'MF', 'Kaizer Chiefs (RSA)'),
(18, 0, '1980-05-19 00:00:00', 1, 184, 'Moneeb JOSEPHS', 'GK', 'Orlando Pirates (RSA)'),
(19, 0, '1984-04-06 00:00:00', 2, 178, 'Siboniso GAXA', 'DF', 'Mamelodi Sundowns (RSA)'),
(20, 0, '1980-11-25 00:00:00', 4, 183, 'Aaron MOKOENA', 'DF', 'Portsmouth (ENG)'),
(21, 0, '1984-11-29 00:00:00', 9, 180, 'Katlego MPHELA', 'FW', 'Mamelodi Sundowns (RSA)'),
(22, 0, '1987-01-06 00:00:00', 20, 184, 'Bongani KHUMALO', 'DF', 'SuperSport Utd. (RSA)'),
(23, 0, '1980-03-20 00:00:00', 19, 173, 'Surprise MORIRI', 'MF', 'Mamelodi Sundowns (RSA)'),
(24, 0, '1981-10-20 00:00:00', 2, 191, 'Francisco RODRIGUEZ', 'DF', 'PSV Eindhoven (NED)'),
(25, 0, '1988-06-01 00:00:00', 14, 175, 'Javier HERNANDEZ', 'FW', 'Chivas (MEX)'),
(26, 0, '1979-02-13 00:00:00', 4, 182, 'Rafael MARQUEZ', 'DF', 'Barcelona (ESP)'),
(27, 0, '1989-05-11 00:00:00', 17, 175, 'Giovani DOS SANTOS', 'FW', 'Galatasaray (TUR)'),
(28, 0, '1985-07-13 00:00:00', 13, 183, 'Guillermo OCHOA', 'GK', 'America (MEX)'),
(29, 0, '1981-11-21 00:00:00', 19, 178, 'Jonny MAGALLON', 'DF', 'Chivas (MEX)'),
(30, 0, '1983-05-29 00:00:00', 22, 172, 'Alberto MEDINA', 'FW', 'Chivas (MEX)'),
(31, 0, '1973-02-01 00:00:00', 1, 174, 'Oscar PEREZ', 'GK', 'Jaguares (MEX)'),
(32, 0, '1987-06-21 00:00:00', 7, 172, 'Pablo BARRERA', 'FW', 'Pumas UNAM (MEX)'),
(33, 0, '1976-11-03 00:00:00', 9, 182, 'Guillermo FRANCO', 'FW', 'West Ham Utd. (ENG)'),
(34, 0, '1988-01-16 00:00:00', 20, 182, 'Jorge TORRES', 'MF', 'Atlas (MEX)'),
(35, 0, '1986-03-06 00:00:00', 12, 178, 'Paul AGUILAR', 'DF', 'Pachuca (MEX)'),
(36, 0, '1980-12-20 00:00:00', 8, 175, 'Israel CASTRO', 'MF', 'Pumas UNAM (MEX)'),
(37, 0, '1979-07-21 00:00:00', 23, 183, 'Luis MICHEL', 'GK', 'Chivas (MEX)'),
(38, 0, '1988-02-22 00:00:00', 16, 175, 'Efrain JUAREZ', 'DF', 'Pumas UNAM (MEX)'),
(39, 0, '1979-04-30 00:00:00', 6, 174, 'Gerardo TORRADO', 'MF', 'Cruz Azul (MEX)'),
(40, 0, '1973-01-17 00:00:00', 10, 177, 'Cuauhtemoc BLANCO', 'FW', 'Veracruz (MEX)'),
(41, 0, '1980-03-30 00:00:00', 5, 173, 'Ricardo OSORIO', 'DF', 'VfB Stuttgart (GER)'),
(42, 0, '1980-04-02 00:00:00', 3, 176, 'Carlos SALCIDO', 'DF', 'PSV Eindhoven (NED)'),
(43, 0, '1986-09-28 00:00:00', 18, 169, 'Andres GUARDADO', 'MF', 'Deportivo La Coruna (ESP)'),
(44, 0, '1989-03-01 00:00:00', 11, 179, 'Carlos VELA', 'FW', 'Arsenal (ENG)'),
(45, 0, '1988-01-17 00:00:00', 15, 184, 'Hector MORENO', 'DF', 'AZ Alkmaar (NED)'),
(46, 0, '1979-05-15 00:00:00', 21, 185, 'Adolfo BAUTISTA', 'FW', 'Chivas (MEX)'),
(47, 0, '1982-05-14 00:00:00', 18, 180, 'Ignacio GONZALEZ', 'MF', 'Valencia (ESP)'),
(48, 0, '1984-06-08 00:00:00', 16, 173, 'Maximiliano PEREIRA', 'DF', 'Benfica (POR)'),
(49, 0, '1983-03-25 00:00:00', 23, 187, 'Martin SILVA', 'GK', 'Defensor Sporting (URU)'),
(50, 0, '1982-01-01 00:00:00', 17, 168, 'Egidio AREVALO', 'MF', 'Penarol (URU)'),
(51, 0, '1980-11-02 00:00:00', 2, 188, 'Diego LUGANO', 'DF', 'Fenerbahce (TUR)'),
(52, 0, '1987-01-24 00:00:00', 9, 181, 'Luis SUAREZ', 'FW', 'Ajax (NED)'),
(53, 0, '1984-11-19 00:00:00', 4, 177, 'Jorge FUCILE', 'DF', 'Porto (POR)'),
(54, 0, '1981-01-08 00:00:00', 8, 186, 'Sebastian EGUREN', 'MF', 'AIK Stockholm (SWE)'),
(55, 0, '1979-05-19 00:00:00', 10, 181, 'Diego FORLAN', 'FW', 'Atletico Madrid (ESP)'),
(56, 0, '1984-07-23 00:00:00', 5, 168, 'Walter GARGANO', 'MF', 'Napoli (ITA)'),
(57, 0, '1976-10-17 00:00:00', 13, 193, 'Sebastian ABREU', 'FW', 'Botafogo (BRA)'),
(58, 0, '1975-12-14 00:00:00', 19, 183, 'Andres SCOTTI', 'DF', 'Colo Colo (CHI)'),
(59, 0, '1989-03-21 00:00:00', 14, 173, 'Nicolas LODEIRO', 'MF', 'Ajax (NED)'),
(60, 0, '1987-02-14 00:00:00', 7, 188, 'Edinson CAVANI', 'FW', 'Palermo (ITA)'),
(61, 0, '1982-10-11 00:00:00', 6, 182, 'Mauricio VICTORINO', 'DF', 'Univ. de Chile (CHI)'),
(62, 0, '1980-05-18 00:00:00', 15, 176, 'Diego PEREZ', 'MF', 'Monaco (FRA)'),
(63, 0, '1985-05-23 00:00:00', 21, 167, 'Sebastian FERNANDEZ', 'FW', 'Banfield (ARG)'),
(64, 0, '1985-11-28 00:00:00', 11, 182, 'Alvaro PEREIRA', 'MF', 'Porto (POR)'),
(65, 0, '1987-04-07 00:00:00', 22, 178, 'Martin CACERES', 'DF', 'Juventus (ITA)'),
(66, 0, '1985-10-11 00:00:00', 20, 185, 'Alvaro FERNANDEZ', 'MF', 'Univ. de Chile (CHI)'),
(67, 0, '1986-02-16 00:00:00', 3, 185, 'Diego GODIN', 'DF', 'Villarreal (ESP)'),
(68, 0, '1978-04-17 00:00:00', 12, 181, 'Juan CASTILLO', 'GK', 'Deportivo Cali (COL)'),
(69, 0, '1986-06-16 00:00:00', 1, 190, 'Fernando MUSLERA', 'GK', 'Lazio (ITA)'),
(70, 0, '1979-03-14 00:00:00', 21, 185, 'Nicolas ANELKA', 'FW', 'Chelsea (ENG)'),
(71, 0, '1977-08-17 00:00:00', 5, 181, 'William GALLAS', 'DF', 'Arsenal (ENG)'),
(72, 0, '1985-03-28 00:00:00', 16, 185, 'Steve MANDANDA', 'GK', 'Marseille (FRA)'),
(73, 0, '1986-07-11 00:00:00', 8, 185, 'Yoann GOURCUFF', 'MF', 'Bordeaux (FRA)'),
(74, 0, '1982-03-07 00:00:00', 6, 183, 'Marc PLANUS', 'DF', 'Bordeaux (FRA)'),
(75, 0, '1985-12-05 00:00:00', 11, 187, 'Andre Pierre GIGNAC', 'FW', 'Toulouse (FRA)'),
(76, 0, '1984-09-28 00:00:00', 20, 167, 'Mathieu VALBUENA', 'FW', 'Marseille (FRA)'),
(77, 0, '1980-08-11 00:00:00', 17, 184, 'Sebastien SQUILLACI', 'DF', 'Sevilla FC (ESP)'),
(78, 0, '1986-12-26 00:00:00', 1, 188, 'Hugo LLORIS', 'GK', 'Lyon (FRA)'),
(79, 0, '1981-07-15 00:00:00', 18, 190, 'Alou DIARRA', 'MF', 'Bordeaux (FRA)'),
(80, 0, '1979-09-11 00:00:00', 3, 180, 'Eric ABIDAL', 'DF', 'Barcelona (ESP)'),
(81, 0, '1981-12-30 00:00:00', 23, 187, 'Cedric CARRASSO', 'GK', 'Bordeaux (FRA)'),
(82, 0, '1981-08-12 00:00:00', 9, 182, 'Djibril CISSE', 'FW', 'Panathinaikos (GRE)'),
(83, 0, '1986-05-11 00:00:00', 19, 188, 'Abou DIABY', 'MF', 'Arsenal (ENG)'),
(84, 0, '1983-04-07 00:00:00', 7, 175, 'Franck RIBERY', 'FW', 'Bayern Munich (GER)'),
(85, 0, '1980-06-13 00:00:00', 15, 184, 'Florent MALOUDA', 'MF', 'Chelsea (ENG)'),
(86, 0, '1985-07-26 00:00:00', 22, 181, 'Gael CLICHY', 'DF', 'Arsenal (ENG)'),
(87, 0, '1983-02-14 00:00:00', 2, 175, 'Bakari SAGNA', 'DF', 'Arsenal (ENG)'),
(88, 0, '1979-11-10 00:00:00', 4, 181, 'Anthony REVEILLERE', 'DF', 'Lyon (FRA)'),
(89, 0, '1983-09-10 00:00:00', 14, 183, 'Jeremy TOULALAN', 'MF', 'Lyon (FRA)'),
(90, 0, '1977-08-17 00:00:00', 12, 188, 'Thierry HENRY', 'FW', 'Barcelona (ESP)'),
(91, 0, '1981-05-15 00:00:00', 13, 171, 'Patrice EVRA', 'DF', 'Manchester Utd. (ENG)'),
(92, 0, '1979-07-27 00:00:00', 10, 175, 'Sidney GOVOU', 'FW', 'Lyon (FRA)'),
(93, 0, '1984-06-08 00:00:00', 14, 171, 'Javier MASCHERANO', 'MF', 'Liverpool (ENG)'),
(94, 0, '1988-02-14 00:00:00', 7, 180, 'Angel DI MARIA', 'MF', 'Benfica (POR)'),
(95, 0, '1978-02-16 00:00:00', 1, 183, 'Diego POZO', 'GK', 'Atletico Colon (ARG)'),
(96, 0, '1973-11-07 00:00:00', 18, 188, 'Martin PALERMO', 'FW', 'Boca Juniors (ARG)'),
(97, 0, '1988-06-02 00:00:00', 16, 170, 'Sergio AGUERO', 'FW', 'Atletico Madrid (ESP)'),
(98, 0, '1979-07-14 00:00:00', 12, 175, 'Ariel GARCE', 'DF', 'Atletico Colon (ARG)'),
(99, 0, '1983-07-05 00:00:00', 17, 182, 'Jonas GUTIERREZ', 'MF', 'Newcastle Utd. (ENG)'),
(100, 0, '1988-02-12 00:00:00', 15, 171, 'Nicolas OTAMENDI', 'DF', 'Velez Sarsfield (ARG)'),
(101, 0, '1987-02-22 00:00:00', 22, 191, 'Sergio ROMERO', 'GK', 'AZ Alkmaar (NED)'),
(102, 0, '1980-12-20 00:00:00', 2, 184, 'Martin DEMICHELIS', 'DF', 'Bayern Munich (GER)'),
(103, 0, '1981-04-12 00:00:00', 4, 174, 'Nicolas BURDISSO', 'DF', 'AS Roma (ITA)'),
(104, 0, '1981-01-02 00:00:00', 20, 173, 'Maxi RODRIGUEZ', 'MF', 'Liverpool (ENG)'),
(105, 0, '1984-02-05 00:00:00', 11, 173, 'Carlos TEVEZ', 'FW', 'Manchester City (ENG)'),
(106, 0, '1985-02-17 00:00:00', 5, 189, 'Mario BOLATTI', 'MF', 'Fiorentina (ITA)'),
(107, 0, '1987-12-10 00:00:00', 9, 182, 'Gonzalo HIGUAIN', 'FW', 'Real Madrid (ESP)'),
(108, 0, '1975-03-09 00:00:00', 8, 183, 'Juan VERON', 'MF', 'Estudiantes La Plata (ARG)'),
(109, 0, '1978-03-23 00:00:00', 13, 182, 'Walter SAMUEL', 'DF', 'Inter (ITA)'),
(110, 0, '1979-06-12 00:00:00', 19, 177, 'Diego MILITO', 'FW', 'Inter (ITA)'),
(111, 0, '1987-06-24 00:00:00', 10, 170, 'Lionel MESSI', 'FW', 'Barcelona (ESP)'),
(112, 0, '1983-07-30 00:00:00', 21, 180, 'Mariano ANDUJAR', 'GK', 'Catania (ITA)'),
(113, 0, '1981-07-31 00:00:00', 3, 166, 'Clemente RODRIGUEZ', 'DF', 'Estudiantes La Plata (ARG)'),
(114, 0, '1978-04-19 00:00:00', 6, 178, 'Gabriel HEINZE', 'DF', 'Marseille (FRA)'),
(115, 0, '1989-06-20 00:00:00', 23, 173, 'Javier PASTORE', 'MF', 'Palermo (ITA)'),
(116, 0, '1976-08-01 00:00:00', 4, 197, 'Nwankwo KANU', 'MF', 'Portsmouth (ENG)'),
(117, 0, '1986-05-02 00:00:00', 14, 180, 'Sani KAITA', 'MF', 'Alania Vladikavkaz (RUS)'),
(118, 0, '1982-06-08 00:00:00', 20, 191, 'Dickson ETUHU', 'MF', 'Fulham (ENG)'),
(119, 0, '1983-11-20 00:00:00', 23, 186, 'Dele AIYENUGBA', 'GK', 'Bnei Yehuda (ISR)'),
(120, 0, '1986-06-01 00:00:00', 19, 181, 'Chinedu OGBUKE OBASI', 'FW', 'Hoffenheim (GER)'),
(121, 0, '1982-11-15 00:00:00', 12, 171, 'Kalu UCHE', 'MF', 'Almeria (ESP)'),
(122, 0, '1984-10-28 00:00:00', 9, 170, 'Obafemi MARTINS', 'FW', 'Wolfsburg (GER)'),
(123, 0, '1980-04-18 00:00:00', 5, 183, 'Rabiu AFOLABI', 'DF', 'Red Bull Salzburg (AUT)'),
(124, 0, '1980-09-02 00:00:00', 6, 190, 'Danny SHITTU', 'DF', 'Bolton Wanderers (ENG)'),
(125, 0, '1988-01-20 00:00:00', 21, 198, 'Uwa ECHIEJILE', 'DF', 'Rennes (FRA)'),
(126, 0, '1987-03-25 00:00:00', 18, 178, 'Victor OBINNA', 'FW', 'Malaga (ESP)'),
(127, 0, '1984-11-04 00:00:00', 13, 179, 'Yussuf AYILA', 'MF', 'Dynamo Kyiv (UKR)'),
(128, 0, '1983-12-17 00:00:00', 17, 181, 'Chidi ODIAH', 'DF', 'CSKA Moscow (RUS)'),
(129, 0, '1990-12-04 00:00:00', 15, 177, 'Lukman HARUNA', 'MF', 'Monaco (FRA)'),
(130, 0, '1981-07-15 00:00:00', 11, 181, 'Peter ODEMWINGIE', 'FW', 'Lokomotiv Moscow (RUS)'),
(131, 0, '1982-01-08 00:00:00', 7, 179, 'John UTAKA', 'FW', 'Portsmouth (ENG)'),
(132, 0, '1982-11-22 00:00:00', 8, 188, 'Yakubu AYEGBENI', 'FW', 'Everton (ENG)'),
(133, 0, '1988-10-10 00:00:00', 10, 180, 'Brown IDEYE', 'FW', 'Sochaux (FRA)'),
(134, 0, '1988-12-25 00:00:00', 22, 189, 'Dele ADELEYE', 'DF', 'Sparta Rotterdam (NED)'),
(135, 0, '1985-04-16 00:00:00', 3, 188, 'Taye TAIWO', 'DF', 'Marseille (FRA)'),
(136, 0, '1980-09-06 00:00:00', 2, 185, 'Joseph YOBO', 'DF', 'Everton (ENG)'),
(137, 0, '1984-04-08 00:00:00', 16, 186, 'Austin EJIDE', 'GK', 'Hapoel Petah Tikva (ISR)'),
(138, 0, '1982-08-29 00:00:00', 1, 185, 'Vincent ENYEAMA', 'GK', 'Hapoel Tel-Aviv (ISR)'),
(139, 0, '1983-06-28 00:00:00', 21, 184, 'KIM Young Kwang', 'GK', 'Ulsan Hyundai (KOR)'),
(140, 0, '1986-02-14 00:00:00', 23, 186, 'KANG Min Soo', 'DF', 'Suwon Bluewings (KOR)'),
(141, 0, '1989-03-06 00:00:00', 11, 183, 'LEE Seung Yeoul', 'FW', 'FC Seoul (KOR)'),
(142, 0, '1981-02-25 00:00:00', 7, 178, 'PARK Ji Sung', 'MF', 'Manchester Utd. (ENG)'),
(143, 0, '1984-04-27 00:00:00', 3, 187, 'KIM Hyung Il', 'DF', 'Pohang Steelers (KOR)'),
(144, 0, '1983-11-03 00:00:00', 4, 182, 'CHO Yong Hyung', 'DF', 'Jeju Utd. (KOR)'),
(145, 0, '1983-03-30 00:00:00', 19, 182, 'YEOM Ki Hun', 'MF', 'Suwon Bluewings (KOR)'),
(146, 0, '1989-01-24 00:00:00', 16, 187, 'KI Sung Yueng', 'MF', 'Celtic (SCO)'),
(147, 0, '1985-01-04 00:00:00', 18, 190, 'JUNG Sung Ryong', 'GK', 'Seongnam Ilhwa Chunma (KOR)'),
(148, 0, '1989-10-06 00:00:00', 6, 178, 'KIM Bo Kyung', 'MF', 'Oita Trinita (JPN)'),
(149, 0, '1980-01-08 00:00:00', 14, 185, 'LEE Jung Soo', 'DF', 'Kashima Antlers (JPN)'),
(150, 0, '1982-05-09 00:00:00', 8, 183, 'KIM Jung Woo', 'MF', 'Gwangju Sangmu (KOR)'),
(151, 0, '1983-10-03 00:00:00', 13, 180, 'KIM Jae Sung', 'MF', 'Pohang Steelers (KOR)'),
(152, 0, '1977-03-14 00:00:00', 5, 180, 'KIM Nam Il', 'MF', 'Tom Tomsk (RUS)'),
(153, 0, '1982-01-29 00:00:00', 15, 184, 'KIM Dong Jin', 'DF', 'Ulsan Hyundai (KOR)'),
(154, 0, '1985-07-10 00:00:00', 10, 183, 'PARK Chu Young', 'FW', 'Monaco (FRA)'),
(155, 0, '1979-04-29 00:00:00', 20, 187, 'LEE Dong Gook', 'FW', 'Jeonbuk Motors (KOR)'),
(156, 0, '1977-04-23 00:00:00', 12, 177, 'LEE Young Pyo', 'DF', 'Al Hilal (KSA)'),
(157, 0, '1976-01-27 00:00:00', 9, 177, 'AHN Jung Hwan', 'FW', 'Dalian Shide (CHN)'),
(158, 0, '1973-04-26 00:00:00', 1, 182, 'LEE Woon Jae', 'GK', 'Suwon Bluewings (KOR)'),
(159, 0, '1980-07-25 00:00:00', 22, 181, 'CHA Du Ri', 'DF', 'SC Freiburg (GER)'),
(160, 0, '1988-07-02 00:00:00', 17, 180, 'LEE Chung Yong', 'MF', 'Bolton Wanderers (ENG)'),
(161, 0, '1984-07-29 00:00:00', 2, 181, 'OH Beom Seok', 'DF', 'Ulsan Hyundai (KOR)'),
(162, 0, '1990-04-03 00:00:00', 18, 173, 'Sotiris NINIS', 'MF', 'Panathinaikos (GRE)'),
(163, 0, '1984-12-03 00:00:00', 8, 186, 'Avraam PAPADOPOULOS', 'DF', 'Olympiacos (GRE)'),
(164, 0, '1985-02-21 00:00:00', 7, 192, 'Georgios SAMARAS', 'FW', 'Celtic (SCO)'),
(165, 0, '1982-08-12 00:00:00', 12, 190, 'Alexandros TZORVAS', 'GK', 'Panathinaikos (GRE)'),
(166, 0, '1980-05-23 00:00:00', 17, 179, 'Theofanis GEKAS', 'FW', 'Hertha Berlin (GER)'),
(167, 0, '1983-10-10 00:00:00', 4, 171, 'Nikos SPIROPOULOS', 'DF', 'Panathinaikos (GRE)'),
(168, 0, '1979-06-21 00:00:00', 21, 183, 'Konstantinos KATSOURANIS', 'MF', 'Panathinaikos (GRE)'),
(169, 0, '1981-08-18 00:00:00', 14, 171, 'Dimitrios SALPINGIDIS', 'FW', 'Panathinaikos (GRE)'),
(170, 0, '1984-09-09 00:00:00', 13, 186, 'Michail SIFAKIS', 'GK', 'Aris Thessaloniki (GRE)'),
(171, 0, '1981-08-26 00:00:00', 5, 193, 'Vangelis MORAS', 'DF', 'Bologna (ITA)'),
(172, 0, '1985-02-13 00:00:00', 6, 190, 'Alexandros TZIOLIS', 'MF', 'Siena (ITA)'),
(173, 0, '1974-05-30 00:00:00', 1, 198, 'Konstantinos CHALKIAS', 'GK', 'PAOK (GRE)'),
(174, 0, '1983-06-08 00:00:00', 20, 190, 'Pantelis KAPETANOS', 'FW', 'Steaua (ROU)'),
(175, 0, '1985-03-11 00:00:00', 22, 192, 'Stelios MALEZAS', 'DF', 'PAOK (GRE)'),
(176, 0, '1980-02-09 00:00:00', 9, 191, 'Angelos CHARISTEAS', 'FW', 'Nuremberg (GER)'),
(177, 0, '1981-06-04 00:00:00', 2, 185, 'Giourkas SEITARIDIS', 'DF', 'Panathinaikos (GRE)'),
(178, 0, '1985-06-10 00:00:00', 15, 185, 'Vasileios TOROSIDIS', 'DF', 'Olympiacos (GRE)'),
(179, 0, '1979-03-19 00:00:00', 3, 183, 'Christos PATSATZOGLOU', 'DF', 'Omonia (CYP)'),
(180, 0, '1977-03-06 00:00:00', 10, 176, 'Georgios KARAGOUNIS', 'MF', 'Panathinaikos (GRE)'),
(181, 0, '1981-02-05 00:00:00', 11, 184, 'Loukas VYNTRA', 'DF', 'Panathinaikos (GRE)'),
(182, 0, '1979-01-09 00:00:00', 23, 185, 'Athanasios PRITTAS', 'MF', 'Aris Thessaloniki (GRE)'),
(183, 0, '1988-06-09 00:00:00', 19, 186, 'Sokratis PAPASTATHOPOULOS', 'DF', 'Genoa (ITA)'),
(184, 0, '1979-07-23 00:00:00', 16, 192, 'Sotirios KYRGIAKOS', 'DF', 'Liverpool (ENG)'),
(185, 0, '1978-06-20 00:00:00', 8, 183, 'Frank LAMPARD', 'MF', 'Chelsea (ENG)'),
(186, 0, '1981-07-28 00:00:00', 22, 183, 'Michael CARRICK', 'MF', 'Manchester Utd. (ENG)'),
(187, 0, '1981-01-30 00:00:00', 9, 201, 'Peter CROUCH', 'FW', 'Tottenham Hotspur (ENG)'),
(188, 0, '1980-01-18 00:00:00', 12, 187, 'Robert GREEN', 'GK', 'West Ham Utd. (ENG)'),
(189, 0, '1981-02-23 00:00:00', 14, 180, 'Gareth BARRY', 'MF', 'Manchester City (ENG)'),
(190, 0, '1980-05-30 00:00:00', 4, 185, 'Steven GERRARD', 'MF', 'Liverpool (ENG)'),
(191, 0, '1980-12-07 00:00:00', 6, 188, 'John TERRY', 'DF', 'Chelsea (ENG)'),
(192, 0, '1980-12-20 00:00:00', 3, 173, 'Ashley COLE', 'DF', 'Chelsea (ENG)'),
(193, 0, '1978-01-28 00:00:00', 18, 185, 'Jamie CARRAGHER', 'DF', 'Liverpool (ENG)'),
(194, 0, '1970-08-01 00:00:00', 1, 196, 'David JAMES', 'GK', 'Portsmouth (ENG)'),
(195, 0, '1980-10-12 00:00:00', 20, 188, 'Ledley KING', 'DF', 'Tottenham Hotspur (ENG)'),
(196, 0, '1984-08-23 00:00:00', 2, 178, 'Glen JOHNSON', 'DF', 'Liverpool (ENG)'),
(197, 0, '1981-10-25 00:00:00', 17, 168, 'Shaun WRIGHT-PHILLIPS', 'MF', 'Manchester City (ENG)'),
(198, 0, '1983-11-18 00:00:00', 5, 188, 'Michael DAWSON', 'DF', 'Tottenham Hotspur (ENG)'),
(199, 0, '1987-04-16 00:00:00', 7, 165, 'Aaron LENNON', 'MF', 'Tottenham Hotspur (ENG)'),
(200, 0, '1981-11-08 00:00:00', 11, 175, 'Joe COLE', 'MF', 'Chelsea (ENG)'),
(201, 0, '1985-10-24 00:00:00', 10, 178, 'Wayne ROONEY', 'FW', 'Manchester Utd. (ENG)'),
(202, 0, '1986-01-04 00:00:00', 16, 170, 'James MILNER', 'MF', 'Aston Villa (ENG)'),
(203, 0, '1981-12-12 00:00:00', 13, 175, 'Stephen WARNOCK', 'DF', 'Aston Villa (ENG)'),
(204, 0, '1978-01-11 00:00:00', 21, 188, 'Emile HESKEY', 'FW', 'Aston Villa (ENG)'),
(205, 0, '1979-04-18 00:00:00', 15, 185, 'Matt UPSON', 'DF', 'West Ham Utd. (ENG)'),
(206, 0, '1987-04-19 00:00:00', 23, 191, 'Joe HART', 'GK', 'Birmingham City (ENG)'),
(207, 0, '1982-10-07 00:00:00', 19, 170, 'Jermain DEFOE', 'FW', 'Tottenham Hotspur (ENG)'),
(208, 0, '1985-01-19 00:00:00', 22, 175, 'Benny FEILHABER', 'MF', 'AGF Aarhus (DEN)'),
(209, 0, '1986-04-18 00:00:00', 19, 183, 'Maurice EDU', 'MF', 'Rangers (SCO)'),
(210, 0, '1985-08-04 00:00:00', 20, 175, 'Robbie FINDLEY', 'FW', 'Real Salt Lake (USA)'),
(211, 0, '1979-12-04 00:00:00', 15, 180, 'Jay DeMERIT', 'DF', 'Watford (ENG)'),
(212, 0, '1986-03-01 00:00:00', 2, 183, 'Jonathan SPECTOR', 'DF', 'West Ham Utd. (ENG)'),
(213, 0, '1982-04-06 00:00:00', 9, 178, 'Herculez GOMEZ', 'FW', 'Puebla (MEX)'),
(214, 0, '1982-03-04 00:00:00', 10, 173, 'Landon DONOVAN', 'MF', 'Los Angeles Galaxy (USA)'),
(215, 0, '1982-05-17 00:00:00', 21, 193, 'Clarence GOODSON', 'DF', 'IK Start (NOR)'),
(216, 0, '1984-09-09 00:00:00', 18, 193, 'Brad GUZAN', 'GK', 'Aston Villa (ENG)'),
(217, 0, '1982-05-24 00:00:00', 7, 170, 'DaMarcus BEASLEY', 'MF', 'Rangers (SCO)'),
(218, 0, '1979-05-25 00:00:00', 3, 184, 'Carlos BOCANEGRA', 'DF', 'Rennes (FRA)'),
(219, 0, '1984-11-07 00:00:00', 12, 175, 'Jonathan BORNSTEIN', 'DF', 'Chivas USA (USA)'),
(220, 0, '1979-03-06 00:00:00', 1, 187, 'Tim HOWARD', 'GK', 'Everton (ENG)'),
(221, 0, '1972-06-15 00:00:00', 23, 192, 'Marcus HAHNEMANN', 'GK', 'Wolverhampton (ENG)'),
(222, 0, '1982-05-13 00:00:00', 5, 192, 'Oguchi ONYEWU', 'DF', 'AC Milan (ITA)'),
(223, 0, '1983-03-09 00:00:00', 8, 185, 'Clint DEMPSEY', 'MF', 'Fulham (ENG)'),
(224, 0, '1989-11-06 00:00:00', 17, 185, 'Jozy ALTIDORE', 'FW', 'Hull City (ENG)'),
(225, 0, '1987-10-29 00:00:00', 16, 168, 'Francisco TORRES', 'MF', 'Pachuca (MEX)'),
(226, 0, '1985-08-01 00:00:00', 11, 178, 'Stuart HOLDEN', 'MF', 'Bolton Wanderers (ENG)'),
(227, 0, '1983-02-10 00:00:00', 13, 178, 'Ricardo CLARK', 'MF', 'Eintracht Frankfurt (GER)'),
(228, 0, '1981-05-21 00:00:00', 14, 185, 'Edson BUDDLE', 'FW', 'Los Angeles Galaxy (USA)'),
(229, 0, '1987-07-31 00:00:00', 4, 185, 'Michael BRADLEY', 'MF', 'Borussia Moenchengladbach (GER)'),
(230, 0, '1979-02-19 00:00:00', 6, 168, 'Steve CHERUNDOLO', 'DF', 'Hannover 96 (GER)'),
(231, 0, '1983-12-05 00:00:00', 21, 180, 'Foued KADIR', 'MF', 'Valenciennes (FRA)'),
(232, 0, '1984-10-09 00:00:00', 20, 180, 'Djamel MESBAH', 'DF', 'Lecce (ITA)'),
(233, 0, '1986-03-28 00:00:00', 12, 189, 'Habib BELLAID', 'DF', 'Boulogne (FRA)'),
(234, 0, '1975-02-07 00:00:00', 10, 178, 'Rafik SAIFI', 'FW', 'Istres (FRA)'),
(235, 0, '1982-08-17 00:00:00', 15, 168, 'Karim ZIANI', 'MF', 'Wolfsburg (GER)'),
(236, 0, '1984-03-15 00:00:00', 8, 178, 'Medhi LACEN', 'MF', 'Racing Santander (ESP)'),
(237, 0, '1985-05-15 00:00:00', 18, 184, 'Carl MEDJANI', 'DF', 'Ajaccio (FRA)'),
(238, 0, '1984-03-08 00:00:00', 11, 185, 'Rafik DJEBBOUR', 'FW', 'AEK Athens (GRE)'),
(239, 0, '1984-12-05 00:00:00', 16, 180, 'Faouzi CHAOUCHI', 'GK', 'Setif (ALG)'),
(240, 0, '1990-02-19 00:00:00', 7, 178, 'Ryad BOUDEBOUZ', 'MF', 'Sochaux (FRA)'),
(241, 0, '1981-07-29 00:00:00', 14, 177, 'Abdelkader LAIFAOUI', 'DF', 'Setif (ALG)'),
(242, 0, '1984-12-05 00:00:00', 9, 186, 'Abdelkader GHEZZAL', 'FW', 'Siena (ITA)'),
(243, 0, '1982-06-18 00:00:00', 3, 180, 'Nadir BELHADJ', 'DF', 'Portsmouth (ENG)'),
(244, 0, '1978-02-25 00:00:00', 6, 175, 'Yazid MANSOURI', 'MF', 'Lorient (FRA)'),
(245, 0, '1986-02-14 00:00:00', 22, 180, 'Djamal ABDOUN', 'MF', 'Nantes (FRA)'),
(246, 0, '1982-03-21 00:00:00', 4, 185, 'Anther YAHIA', 'DF', 'Bochum (GER)'),
(247, 0, '1986-09-02 00:00:00', 5, 187, 'Rafik HALLICHE', 'DF', 'Nacional Madeira (POR)'),
(248, 0, '1985-06-25 00:00:00', 13, 181, 'Karim MATMOUR', 'MF', 'Borussia Moenchengladbach (GER)'),
(249, 0, '1985-11-12 00:00:00', 17, 183, 'Adlane GUEDIOURA', 'MF', 'Wolverhampton (ENG)'),
(250, 0, '1977-09-28 00:00:00', 1, 188, 'Lounes GAOUAOUI', 'GK', 'Chlef (ALG)'),
(251, 0, '1984-05-14 00:00:00', 19, 188, 'Hassan YEBDA', 'MF', 'Portsmouth (ENG)'),
(252, 0, '1982-10-07 00:00:00', 2, 190, 'Madjid BOUGHERRA', 'DF', 'Rangers (SCO)'),
(253, 0, '1986-04-25 00:00:00', 23, 190, 'Rais M BOLHI', 'GK', 'Slavia Sofia (BUL)'),
(254, 0, '1984-09-06 00:00:00', 17, 185, 'Andraz KIRM', 'MF', 'Wisla Krakow (POL)'),
(255, 0, '1984-05-01 00:00:00', 2, 172, 'Miso BRECKO', 'DF', 'FC Cologne (GER)'),
(256, 0, '1984-07-14 00:00:00', 1, 193, 'Samir HANDANOVIC', 'GK', 'Udinese (ITA)'),
(257, 0, '1978-01-28 00:00:00', 12, 197, 'Jasmin HANDANOVIC', 'GK', 'Mantova (ITA)'),
(258, 0, '1978-09-16 00:00:00', 19, 190, 'Suad FILEKOVIC', 'DF', 'Maribor (SVN)'),
(259, 0, '1984-10-05 00:00:00', 14, 172, 'Zlatko DEDIC', 'FW', 'Bochum (GER)'),
(260, 0, '1984-09-27 00:00:00', 21, 183, 'Dalibor STEVANOVIC', 'MF', 'Vitesse Arnhem (NED)'),
(261, 0, '1983-02-06 00:00:00', 6, 186, 'Branko ILIC', 'DF', 'Lokomotiv Moscow (RUS)'),
(262, 0, '1986-05-17 00:00:00', 13, 171, 'Bojan JOKIC', 'DF', 'Chievo (ITA)'),
(263, 0, '1979-12-04 00:00:00', 20, 170, 'Andrej KOMAC', 'MF', 'Maccabi Tel-Aviv (ISR)'),
(264, 0, '1983-12-15 00:00:00', 9, 185, 'Zlatan LJUBIJANKIC', 'FW', 'Gent (BEL)'),
(265, 0, '1990-05-21 00:00:00', 15, 184, 'Rene KRHIN', 'MF', 'Inter (ITA)'),
(266, 0, '1980-09-20 00:00:00', 8, 173, 'Robert KOREN', 'MF', 'West Bromwich Albion (ENG)'),
(267, 0, '1979-05-18 00:00:00', 11, 191, 'Milivoje NOVAKOVIC', 'FW', 'FC Cologne (GER)'),
(268, 0, '1979-01-29 00:00:00', 22, 186, 'Matej MAVRIC', 'DF', 'TuS Koblenz (GER)'),
(269, 0, '1986-08-07 00:00:00', 10, 180, 'Valter BIRSA', 'MF', 'Auxerre (FRA)'),
(270, 0, '1982-07-09 00:00:00', 5, 190, 'Bostjan CESAR', 'DF', 'Grenoble (FRA)'),
(271, 0, '1989-01-13 00:00:00', 23, 190, 'Tim MATAVZ', 'FW', 'Groningen (NED)'),
(272, 0, '1979-04-25 00:00:00', 18, 181, 'Aleksandar RADOSAVLJEVIC', 'MF', 'Larissa (GRE)'),
(273, 0, '1980-02-01 00:00:00', 16, 187, 'Aleksander SELIGA', 'GK', 'Sparta Rotterdam (NED)'),
(274, 0, '1986-01-03 00:00:00', 7, 187, 'Nejc PECNIK', 'FW', 'Nacional Madeira (POR)'),
(275, 0, '1985-08-25 00:00:00', 3, 189, 'Elvedin DZINIC', 'DF', 'Maribor (SVN)'),
(276, 0, '1983-03-09 00:00:00', 4, 187, 'Marko SULER', 'DF', 'Gent (BEL)'),
(277, 0, '1985-06-04 00:00:00', 10, 180, 'Lukas PODOLSKI', 'FW', 'FC Cologne (GER)'),
(278, 0, '1989-03-13 00:00:00', 14, 190, 'Holger BADSTUBER', 'DF', 'Bayern Munich (GER)'),
(279, 0, '1987-01-14 00:00:00', 4, 184, 'Dennis AOGO', 'DF', 'Hamburger SV (GER)'),
(280, 0, '1978-06-09 00:00:00', 11, 182, 'Miroslav KLOSE', 'FW', 'Bayern Munich (GER)'),
(281, 0, '1985-07-10 00:00:00', 23, 189, 'Mario GOMEZ', 'FW', 'Bayern Munich (GER)'),
(282, 0, '1986-03-27 00:00:00', 1, 190, 'Manuel NEUER', 'GK', 'Schalke 04 (GER)'),
(283, 0, '1984-03-22 00:00:00', 15, 168, 'Piotr TROCHOWSKI', 'MF', 'Hamburger SV (GER)'),
(284, 0, '1988-10-15 00:00:00', 8, 182, 'Mesut OEZIL', 'MF', 'Werder Bremen (GER)'),
(285, 0, '1984-01-25 00:00:00', 9, 191, 'Stefan KIESSLING', 'FW', 'Bayer Leverkusen (GER)'),
(286, 0, '1981-12-17 00:00:00', 12, 193, 'Tim WIESE', 'GK', 'Werder Bremen (GER)'),
(287, 0, '1979-05-29 00:00:00', 3, 185, 'Arne FRIEDRICH', 'DF', 'Hertha Berlin (GER)'),
(288, 0, '1990-01-04 00:00:00', 18, 180, 'Toni KROOS', 'MF', 'Bayer Leverkusen (GER)'),
(289, 0, '1984-09-29 00:00:00', 17, 196, 'Per MERTESACKER', 'DF', 'Werder Bremen (GER)'),
(290, 0, '1989-09-13 00:00:00', 13, 186, 'Thomas MUELLER', 'MF', 'Bayern Munich (GER)'),
(291, 0, '1974-05-28 00:00:00', 22, 191, 'Hans Joerg BUTT', 'GK', 'Bayern Munich (GER)'),
(292, 0, '1987-04-24 00:00:00', 5, 186, 'Serdar TASCI', 'DF', 'VfB Stuttgart (GER)'),
(293, 0, '1987-04-04 00:00:00', 6, 189, 'Sami KHEDIRA', 'MF', 'VfB Stuttgart (GER)'),
(294, 0, '1988-09-03 00:00:00', 20, 192, 'Jerome BOATENG', 'DF', 'Hamburger SV (GER)'),
(295, 0, '1981-03-27 00:00:00', 19, 180, 'CACAU', 'FW', 'VfB Stuttgart (GER)'),
(296, 0, '1984-08-01 00:00:00', 7, 180, 'Bastian SCHWEINSTEIGER', 'MF', 'Bayern Munich (GER)'),
(297, 0, '1983-11-11 00:00:00', 16, 170, 'Philipp LAHM', 'DF', 'Bayern Munich (GER)'),
(298, 0, '1985-11-04 00:00:00', 2, 190, 'Marcell JANSEN', 'MF', 'Hamburger SV (GER)'),
(299, 0, '1989-03-13 00:00:00', 21, 169, 'Marko MARIN', 'MF', 'Werder Bremen (GER)'),
(300, 0, '1979-10-05 00:00:00', 13, 183, 'Vince GRELLA', 'MF', 'Blackburn Rovers (ENG)'),
(301, 0, '1979-12-06 00:00:00', 4, 180, 'Tim CAHILL', 'FW', 'Everton (ENG)'),
(302, 0, '1981-06-12 00:00:00', 18, 186, 'Eugene GALEKOVIC', 'GK', 'Adelaide Utd. (AUS)'),
(303, 0, '1972-10-06 00:00:00', 1, 196, 'Mark SCHWARZER', 'GK', 'Fulham (ENG)'),
(304, 0, '1978-09-22 00:00:00', 10, 183, 'Harry KEWELL', 'FW', 'Galatasaray (TUR)'),
(305, 0, '1980-02-11 00:00:00', 23, 182, 'Marco BRESCIANO', 'FW', 'Palermo (ITA)'),
(306, 0, '1980-08-05 00:00:00', 5, 175, 'Jason CULINA', 'MF', 'Gold Coast United (AUS)'),
(307, 0, '1981-03-08 00:00:00', 6, 191, 'Michael BEAUCHAMP', 'DF', 'Al Jazira (UAE)'),
(308, 0, '1975-12-12 00:00:00', 3, 186, 'Craig MOORE', 'DF', 'no club affiliation (UNK)'),
(309, 0, '1979-02-22 00:00:00', 7, 185, 'Brett EMERTON', 'MF', 'Blackburn Rovers (ENG)'),
(310, 0, '1984-08-14 00:00:00', 16, 180, 'Carl VALERI', 'MF', 'Sassuolo (ITA)'),
(311, 0, '1984-08-03 00:00:00', 15, 188, 'Mile JEDINAK', 'MF', 'Antalyaspor (TUR)'),
(312, 0, '1982-08-20 00:00:00', 9, 192, 'Joshua KENNEDY', 'FW', 'Nagoya Grampus Eight (JPN)'),
(313, 0, '1985-01-31 00:00:00', 12, 188, 'Adam FEDERICI', 'GK', 'Reading (ENG)'),
(314, 0, '1984-03-27 00:00:00', 14, 176, 'Brett HOLMAN', 'FW', 'AZ Alkmaar (NED)'),
(315, 0, '1983-11-30 00:00:00', 21, 181, 'David CARNEY', 'DF', 'Twente Enschede (NED)'),
(316, 0, '1987-04-08 00:00:00', 22, 185, 'Dario VIDOSIC', 'MF', 'MSV Duisburg (GER)'),
(317, 0, '1981-09-04 00:00:00', 19, 180, 'Richard GARCIA', 'FW', 'Hull City (ENG)'),
(318, 0, '1985-08-04 00:00:00', 20, 178, 'Mark MILLIGAN', 'DF', 'JEF United Ichihara (JPN)'),
(319, 0, '1981-10-02 00:00:00', 8, 177, 'Luke WILKSHIRE', 'DF', 'Dynamo Moscow (RUS)'),
(320, 0, '1975-12-30 00:00:00', 11, 180, 'Scott CHIPPERFIELD', 'DF', 'Basel (SUI)'),
(321, 0, '1987-06-22 00:00:00', 17, 183, 'Nikita RUKAVYTSYA', 'FW', 'Twente Enschede (NED)'),
(322, 0, '1978-03-09 00:00:00', 2, 185, 'Lucas NEILL', 'DF', 'Galatasaray (TUR)'),
(323, 0, '1987-01-26 00:00:00', 4, 185, 'Gojko KACAR', 'MF', 'Hertha Berlin (GER)'),
(324, 0, '1987-09-22 00:00:00', 22, 187, 'Zdravko KUZMANOVIC', 'MF', 'VfB Stuttgart (GER)'),
(325, 0, '1989-03-08 00:00:00', 19, 193, 'Radosav PETROVIC', 'MF', 'Partizan (SRB)'),
(326, 0, '1984-11-01 00:00:00', 17, 185, 'Milos KRASIC', 'MF', 'CSKA Moscow (RUS)'),
(327, 0, '1978-09-15 00:00:00', 9, 181, 'Marko PANTELIC', 'FW', 'Ajax (NED)'),
(328, 0, '1980-11-21 00:00:00', 23, 194, 'Andjelko DJURICIC', 'GK', 'Leiria (POR)'),
(329, 0, '1988-12-10 00:00:00', 20, 193, 'Neven SUBOTIC', 'DF', 'Borussia Dortmund (GER)'),
(330, 0, '1987-04-28 00:00:00', 7, 171, 'Zoran TOSIC', 'MF', 'FC Cologne (GER)'),
(331, 0, '1983-07-28 00:00:00', 1, 195, 'Vladimir STOJKOVIC', 'GK', 'Wigan (ENG)'),
(332, 0, '1984-01-26 00:00:00', 2, 177, 'Antonio RUKAVINA', 'DF', 'Munich 1860 (GER)'),
(333, 0, '1988-07-25 00:00:00', 16, 181, 'Ivan OBRADOVIC', 'DF', 'Zaragoza (ESP)'),
(334, 0, '1984-02-22 00:00:00', 6, 188, 'Branislav IVANOVIC', 'DF', 'Chelsea (ENG)'),
(335, 0, '1983-04-30 00:00:00', 11, 182, 'Nenad MILIJAS', 'MF', 'Wolverhampton (ENG)'),
(336, 0, '1981-10-21 00:00:00', 5, 185, 'Nemanja VIDIC', 'DF', 'Manchester Utd. (ENG)'),
(337, 0, '1984-01-23 00:00:00', 21, 187, 'Dragan MRDJA', 'FW', 'Vojvodina Novi Sad (SRB)'),
(338, 0, '1984-12-25 00:00:00', 18, 179, 'Milos NINKOVIC', 'MF', 'Dynamo Kyiv (UKR)'),
(339, 0, '1978-09-11 00:00:00', 10, 181, 'Dejan STANKOVIC', 'MF', 'Inter (ITA)'),
(340, 0, '1981-04-18 00:00:00', 14, 183, 'Milan JOVANOVIC', 'MF', 'Standard Liege (BEL)'),
(341, 0, '1983-05-17 00:00:00', 8, 185, 'Danko LAZOVIC', 'FW', 'Zenit St Petersburg (RUS)'),
(342, 0, '1980-03-25 00:00:00', 12, 192, 'Bojan ISAILOVIC', 'GK', 'Zaglebie Lubin (POL)'),
(343, 0, '1982-10-23 00:00:00', 13, 184, 'Aleksandar LUKOVIC', 'DF', 'Udinese (ITA)'),
(344, 0, '1985-11-10 00:00:00', 3, 187, 'Aleksandar KOLAROV', 'DF', 'Lazio (ITA)'),
(345, 0, '1980-09-25 00:00:00', 15, 202, 'Nikola ZIGIC', 'FW', 'Valencia (ESP)'),
(346, 0, '1986-04-15 00:00:00', 20, 180, 'Quincy OWUSU-ABEYIE', 'FW', 'Al Sadd (QAT)'),
(347, 0, '1984-08-27 00:00:00', 11, 180, 'Sulley MUNTARI', 'MF', 'Inter (ITA)'),
(348, 0, '1985-11-22 00:00:00', 3, 186, 'Asamoah GYAN', 'FW', 'Rennes (FRA)'),
(349, 0, '1978-06-13 00:00:00', 22, 182, 'Richard KINGSON', 'GK', 'Wigan (ENG)'),
(350, 0, '1976-06-28 00:00:00', 2, 178, 'Hans SARPEI', 'DF', 'Bayer Leverkusen (GER)'),
(351, 0, '1983-05-02 00:00:00', 9, 185, 'Derek BOATENG', 'MF', 'Getafe (ESP)'),
(352, 0, '1988-06-21 00:00:00', 15, 180, 'Isaac VORSAH', 'DF', 'Hoffenheim (GER)'),
(353, 0, '1982-11-29 00:00:00', 5, 177, 'John MENSAH', 'DF', 'Sunderland (ENG)'),
(354, 0, '1989-06-01 00:00:00', 7, 179, 'Samuel INKOOM', 'DF', 'Basel (SUI)'),
(355, 0, '1987-03-06 00:00:00', 23, 182, 'Kevin Prince BOATENG', 'FW', 'Portsmouth (ENG)'),
(356, 0, '1980-12-24 00:00:00', 10, 178, 'Stephen APPIAH', 'MF', 'Bologna (ITA)'),
(357, 0, '1981-06-15 00:00:00', 4, 178, 'John PANTSIL', 'DF', 'Fulham (ENG)'),
(358, 0, '1988-04-16 00:00:00', 17, 176, 'Ibrahim AYEW', 'DF', 'Zamalek (EGY)'),
(359, 0, '1980-10-24 00:00:00', 14, 175, 'Matthew AMOAH', 'FW', 'NAC Breda (NED)'),
(360, 0, '1990-07-07 00:00:00', 19, 178, 'Lee ADDY', 'DF', 'Bechem Chelsea (GHA)'),
(361, 0, '1989-11-29 00:00:00', 18, 170, 'Dominic ADIYIAH', 'FW', 'AC Milan (ITA)'),
(362, 0, '1990-07-13 00:00:00', 8, 182, 'Jonathan MENSAH', 'DF', 'Free State Stars (RSA)'),
(363, 0, '1989-12-17 00:00:00', 13, 175, 'Andre AYEW', 'MF', 'Arles (FRA)'),
(364, 0, '1988-12-09 00:00:00', 21, 168, 'Kwadwo ASAMOAH', 'MF', 'Udinese (ITA)'),
(365, 0, '1988-09-05 00:00:00', 16, 179, 'Stephen AHORLU', 'GK', 'Heart of Lions (GHA)'),
(366, 0, '1986-07-21 00:00:00', 6, 171, 'Anthony ANNAN', 'MF', 'Rosenborg (NOR)'),
(367, 0, '1986-11-09 00:00:00', 12, 179, 'Prince TAGOE', 'FW', 'Hoffenheim (GER)'),
(368, 0, '1989-11-10 00:00:00', 1, 186, 'Daniel AGYEI', 'GK', 'Liberty (GHA)'),
(369, 0, '1983-02-11 00:00:00', 23, 178, 'Rafael VAN DER VAART', 'MF', 'Real Madrid (ESP)'),
(370, 0, '1987-02-13 00:00:00', 17, 177, 'Eljero ELIA', 'FW', 'Hamburger SV (GER)'),
(371, 0, '1984-11-30 00:00:00', 8, 174, 'Nigel DE JONG', 'MF', 'Manchester City (ENG)'),
(372, 0, '1986-12-19 00:00:00', 19, 185, 'Ryan BABEL', 'FW', 'Liverpool (ENG)'),
(373, 0, '1981-12-28 00:00:00', 12, 184, 'Khalid BOULAHROUZ', 'DF', 'VfB Stuttgart (GER)'),
(374, 0, '1977-04-22 00:00:00', 6, 187, 'Mark VAN BOMMEL', 'MF', 'Bayern Munich (GER)'),
(375, 0, '1974-07-11 00:00:00', 13, 184, 'Andre OOIJER', 'DF', 'PSV Eindhoven (NED)'),
(376, 0, '1982-09-22 00:00:00', 1, 197, 'Maarten STEKELENBURG', 'GK', 'Ajax (NED)'),
(377, 0, '1984-06-09 00:00:00', 10, 170, 'Wesley SNEIJDER', 'MF', 'Inter (ITA)'),
(378, 0, '1984-01-11 00:00:00', 18, 178, 'Stijn SCHAARS', 'MF', 'AZ Alkmaar (NED)'),
(379, 0, '1980-04-05 00:00:00', 4, 182, 'Joris MATHIJSEN', 'DF', 'Hamburger SV (GER)'),
(380, 0, '1983-11-15 00:00:00', 3, 182, 'John HEITINGA', 'DF', 'Everton (ENG)'),
(381, 0, '1983-04-08 00:00:00', 15, 174, 'Edson BRAAFHEID', 'DF', 'Celtic (SCO)'),
(382, 0, '1983-05-26 00:00:00', 14, 174, 'Demy DE ZEEUW', 'MF', 'Ajax (NED)'),
(383, 0, '1983-08-06 00:00:00', 9, 184, 'Robin VAN PERSIE', 'FW', 'Arsenal (ENG)'),
(384, 0, '1983-08-12 00:00:00', 21, 185, 'Klaas Jan HUNTELAAR', 'FW', 'AC Milan (ITA)'),
(385, 0, '1970-10-20 00:00:00', 22, 185, 'Sander BOSCHKER', 'GK', 'Twente Enschede (NED)'),
(386, 0, '1984-01-23 00:00:00', 11, 180, 'Arjen ROBBEN', 'FW', 'Bayern Munich (GER)'),
(387, 0, '1983-10-20 00:00:00', 16, 182, 'Michel VORM', 'GK', 'Utrecht (NED)'),
(388, 0, '1986-04-02 00:00:00', 20, 184, 'Ibrahim AFELLAY', 'MF', 'PSV Eindhoven (NED)'),
(389, 0, '1988-02-03 00:00:00', 2, 180, 'Gregory VAN DER WIEL', 'DF', 'Ajax (NED)'),
(390, 0, '1980-07-22 00:00:00', 7, 183, 'Dirk KUYT', 'FW', 'Liverpool (ENG)'),
(391, 0, '1975-02-05 00:00:00', 5, 176, 'Giovanni VAN BRONCKHORST', 'DF', 'Feyenoord (NED)'),
(392, 0, '1977-08-12 00:00:00', 8, 187, 'Jesper GRONKJAER', 'FW', 'Copenhagen (DEN)'),
(393, 0, '1981-09-06 00:00:00', 18, 194, 'Soren LARSEN', 'FW', 'MSV Duisburg (GER)'),
(394, 0, '1989-03-26 00:00:00', 3, 191, 'Simon KJAER', 'DF', 'Palermo (ITA)'),
(395, 0, '1975-10-06 00:00:00', 10, 180, 'Martin JORGENSEN', 'MF', 'AGF Aarhus (DEN)'),
(396, 0, '1978-07-22 00:00:00', 19, 178, 'Dennis ROMMEDAHL', 'FW', 'Ajax (NED)'),
(397, 0, '1984-04-07 00:00:00', 15, 187, 'Simon POULSEN', 'DF', 'AZ Alkmaar (NED)'),
(398, 0, '1980-02-28 00:00:00', 2, 182, 'Christian POULSEN', 'MF', 'Juventus (ITA)'),
(399, 0, '1983-10-24 00:00:00', 17, 178, 'Mikkel BECKMANN', 'FW', 'Randers (DEN)'),
(400, 0, '1979-07-31 00:00:00', 13, 194, 'Per KROLDRUP', 'DF', 'Fiorentina (ITA)'),
(401, 0, '1978-04-24 00:00:00', 22, 192, 'Jesper CHRISTIANSEN', 'GK', 'Copenhagen (DEN)'),
(402, 0, '1992-02-14 00:00:00', 21, 181, 'Christian ERIKSEN', 'MF', 'Ajax (NED)'),
(403, 0, '1979-06-25 00:00:00', 7, 180, 'Daniel JENSEN', 'MF', 'Werder Bremen (GER)'),
(404, 0, '1984-12-12 00:00:00', 4, 188, 'Daniel AGGER', 'DF', 'Liverpool (ENG)'),
(405, 0, '1981-11-26 00:00:00', 16, 188, 'Stephan ANDERSEN', 'GK', 'Brondby (DEN)'),
(406, 0, '1979-09-20 00:00:00', 6, 184, 'Lars JACOBSEN', 'DF', 'Blackburn Rovers (ENG)'),
(407, 0, '1987-07-27 00:00:00', 20, 182, 'Thomas ENEVOLDSEN', 'MF', 'Groningen (NED)'),
(408, 0, '1983-07-07 00:00:00', 14, 185, 'Jakob POULSEN', 'MF', 'AGF Aarhus (DEN)'),
(409, 0, '1976-08-29 00:00:00', 9, 182, 'Jon Dahl TOMASSON', 'FW', 'Feyenoord (NED)'),
(410, 0, '1983-03-20 00:00:00', 12, 185, 'Thomas KAHLENBERG', 'MF', 'Wolfsburg (GER)'),
(411, 0, '1981-01-28 00:00:00', 23, 170, 'Patrick MTILIGA', 'DF', 'Malaga (ESP)'),
(412, 0, '1976-06-12 00:00:00', 1, 185, 'Thomas SORENSEN', 'GK', 'Stoke City (ENG)'),
(413, 0, '1985-02-24 00:00:00', 5, 185, 'William KVIST', 'MF', 'Copenhagen (DEN)'),
(414, 0, '1988-01-16 00:00:00', 11, 194, 'Nicklas BENDTNER', 'FW', 'Arsenal (ENG)'),
(415, 0, '1981-07-25 00:00:00', 3, 172, 'Yuichi KOMANO', 'DF', 'Jubilo Iwata (JPN)'),
(416, 0, '1988-03-27 00:00:00', 6, 176, 'Atsuto UCHIDA', 'DF', 'Kashima Antlers (JPN)'),
(417, 0, '1980-04-11 00:00:00', 11, 173, 'Keiji TAMADA', 'FW', 'Nagoya Grampus Eight (JPN)'),
(418, 0, '1981-04-24 00:00:00', 4, 185, 'Marcus Tulio TANAKA', 'DF', 'Nagoya Grampus Eight (JPN)'),
(419, 0, '1983-03-20 00:00:00', 21, 185, 'Eiji KAWASHIMA', 'GK', 'Kawasaki Frontale (JPN)'),
(420, 0, '1980-01-28 00:00:00', 7, 178, 'Yasuhito ENDO', 'MF', 'Gamba Osaka (JPN)'),
(421, 0, '1975-08-15 00:00:00', 23, 180, 'Yoshikatsu KAWAGUCHI', 'GK', 'Jubilo Iwata (JPN)'),
(422, 0, '1984-01-18 00:00:00', 17, 177, 'Makoto HASEBE', 'MF', 'Wolfsburg (GER)'),
(423, 0, '1978-02-25 00:00:00', 22, 187, 'Yuji NAKAZAWA', 'DF', 'Yokohama F Marinos (JPN)'),
(424, 0, '1986-04-16 00:00:00', 9, 174, 'Shinji OKAZAKI', 'FW', 'Shimizu S-Pulse (JPN)'),
(425, 0, '1981-09-06 00:00:00', 2, 177, 'Yuki ABE', 'MF', 'Urawa Reds (JPN)'),
(426, 0, '1982-06-09 00:00:00', 16, 170, 'Yoshito OKUBO', 'FW', 'Vissel Kobe (JPN)'),
(427, 0, '1976-04-15 00:00:00', 1, 187, 'Seigo NARAZAKI', 'GK', 'Nagoya Grampus Eight (JPN)'),
(428, 0, '1982-01-30 00:00:00', 13, 187, 'Daiki IWAMASA', 'DF', 'Kashima Antlers (JPN)'),
(429, 0, '1978-06-24 00:00:00', 10, 178, 'Shunsuke NAKAMURA', 'MF', 'Yokohama F Marinos (JPN)'),
(430, 0, '1986-09-12 00:00:00', 5, 170, 'Yuto NAGATOMO', 'DF', 'FC Tokyo (JPN)'),
(431, 0, '1979-09-18 00:00:00', 20, 181, 'Junichi INAMOTO', 'MF', 'Kawasaki Frontale (JPN)'),
(432, 0, '1981-05-11 00:00:00', 8, 175, 'Daisuke MATSUI', 'MF', 'Grenoble (FRA)'),
(433, 0, '1988-05-07 00:00:00', 19, 180, 'Takayuki MORIMOTO', 'FW', 'Catania (ITA)'),
(434, 0, '1984-04-05 00:00:00', 12, 185, 'Kisho YANO', 'FW', 'Albirex Niigata (JPN)'),
(435, 0, '1986-06-13 00:00:00', 18, 182, 'Keisuke HONDA', 'MF', 'CSKA Moscow (RUS)'),
(436, 0, '1983-01-25 00:00:00', 15, 178, 'Yasuyuki KONNO', 'DF', 'FC Tokyo (JPN)'),
(437, 0, '1980-10-31 00:00:00', 14, 175, 'Kengo NAKAMURA', 'MF', 'Kawasaki Frontale (JPN)'),
(438, 0, '1983-05-29 00:00:00', 11, 170, 'Jean MAKOUN', 'MF', 'Lyon (FRA)'),
(439, 0, '1988-12-09 00:00:00', 20, 181, 'Georges MANDJECK', 'MF', 'Kaiserslautern (GER)'),
(440, 0, '1978-12-20 00:00:00', 8, 177, 'GEREMI', 'DF', 'Ankaragucu (TUR)'),
(441, 0, '1992-01-22 00:00:00', 23, 176, 'Vincent ABOUBAKAR', 'FW', 'Coton Sport (CMR)'),
(442, 0, '1973-11-22 00:00:00', 16, 187, 'Hamidou SOULEYMANOU', 'GK', 'Kayserispor (TUR)'),
(443, 0, '1986-07-09 00:00:00', 5, 187, 'Sebastien BASSONG', 'DF', 'Tottenham Hotspur (ENG)'),
(444, 0, '1982-06-05 00:00:00', 10, 180, 'Achille EMANA', 'FW', 'Betis Sevilla (ESP)'),
(445, 0, '1991-08-08 00:00:00', 21, 194, 'Joel MATIP', 'MF', 'Schalke 04 (GER)'),
(446, 0, '1984-02-18 00:00:00', 1, 185, 'Idriss KAMENI', 'GK', 'Espanyol (ESP)'),
(447, 0, '1976-07-01 00:00:00', 4, 185, 'Rigobert SONG', 'DF', 'Trabzonspor (TUR)'),
(448, 0, '1985-06-20 00:00:00', 14, 185, 'Aurelien CHEDJOU', 'DF', 'Lille (FRA)'),
(449, 0, '1981-03-10 00:00:00', 9, 178, 'Samuel ETOO', 'FW', 'Inter (ITA)'),
(450, 0, '1986-02-28 00:00:00', 22, 185, 'Guy NDY', 'GK', 'Valenciennes (FRA)'),
(451, 0, '1986-05-20 00:00:00', 19, 190, 'Stephane MBIA', 'DF', 'Marseille (FRA)'),
(452, 0, '1984-03-24 00:00:00', 2, 178, 'Benoit ASSOU-EKOTTO', 'DF', 'Tottenham Hotspur (ENG)'),
(453, 0, '1990-03-27 00:00:00', 3, 185, 'Nicolas NKOULOU', 'DF', 'Monaco (FRA)'),
(454, 0, '1980-03-08 00:00:00', 17, 190, 'Mohamadou IDRISSOU', 'FW', 'SC Freiburg (GER)'),
(455, 0, '1989-03-23 00:00:00', 13, 190, 'Eric CHOUPO MOTING', 'FW', 'Nuremberg (GER)'),
(456, 0, '1986-03-23 00:00:00', 18, 180, 'Eyong ENOH', 'MF', 'Ajax (NED)'),
(457, 0, '1985-11-28 00:00:00', 7, 172, 'Landry NGUEMO', 'MF', 'Celtic (SCO)'),
(458, 0, '1988-04-25 00:00:00', 12, 183, 'Gaetan BONG', 'DF', 'Valenciennes (FRA)'),
(459, 0, '1982-01-20 00:00:00', 15, 180, 'Pierre WEBO', 'FW', 'Mallorca (ESP)'),
(460, 0, '1987-09-09 00:00:00', 6, 183, 'Alexandre SONG', 'MF', 'Arsenal (ENG)'),
(461, 0, '1981-09-25 00:00:00', 17, 177, 'Angelo PALOMBO', 'MF', 'Sampdoria (ITA)'),
(462, 0, '1984-08-02 00:00:00', 20, 180, 'Giampaolo PAZZINI', 'FW', 'Sampdoria (ITA)'),
(463, 0, '1984-08-14 00:00:00', 4, 192, 'Giorgio CHIELLINI', 'DF', 'Juventus (ITA)'),
(464, 0, '1976-10-04 00:00:00', 16, 174, 'Mauro CAMORANESI', 'MF', 'Juventus (ITA)'),
(465, 0, '1978-01-09 00:00:00', 8, 177, 'Gennaro GATTUSO', 'MF', 'AC Milan (ITA)'),
(466, 0, '1978-01-28 00:00:00', 1, 190, 'Gianluigi BUFFON', 'GK', 'Juventus (ITA)'),
(467, 0, '1977-10-13 00:00:00', 10, 170, 'Antonio DI NATALE', 'FW', 'Udinese (ITA)'),
(468, 0, '1977-02-19 00:00:00', 19, 181, 'Gianluca ZAMBROTTA', 'DF', 'AC Milan (ITA)'),
(469, 0, '1987-05-01 00:00:00', 23, 190, 'Leonardo BONUCCI', 'DF', 'Bari (ITA)'),
(470, 0, '1977-03-26 00:00:00', 14, 190, 'Morgan DE SANCTIS', 'GK', 'Napoli (ITA)'),
(471, 0, '1983-07-24 00:00:00', 6, 182, 'Daniele DE ROSSI', 'MF', 'AS Roma (ITA)'),
(472, 0, '1986-12-30 00:00:00', 3, 175, 'Domenico CRISCITO', 'DF', 'Genoa (ITA)'),
(473, 0, '1979-05-19 00:00:00', 21, 177, 'Andrea PIRLO', 'MF', 'AC Milan (ITA)'),
(474, 0, '1983-08-30 00:00:00', 7, 179, 'Simone PEPE', 'MF', 'Udinese (ITA)'),
(475, 0, '1979-11-21 00:00:00', 9, 186, 'Vincenzo IAQUINTA', 'FW', 'Juventus (ITA)'),
(476, 0, '1983-01-31 00:00:00', 18, 180, 'Fabio QUAGLIARELLA', 'FW', 'Napoli (ITA)'),
(477, 0, '1973-09-13 00:00:00', 5, 175, 'Fabio CANNAVARO', 'DF', 'Juventus (ITA)'),
(478, 0, '1986-11-30 00:00:00', 13, 178, 'Salvatore BOCCHETTI', 'DF', 'Genoa (ITA)'),
(479, 0, '1983-02-07 00:00:00', 12, 188, 'Federico MARCHETTI', 'GK', 'Cagliari (ITA)'),
(480, 0, '1986-01-19 00:00:00', 15, 179, 'Claudio MARCHISIO', 'MF', 'Juventus (ITA)'),
(481, 0, '1982-07-05 00:00:00', 11, 184, 'Alberto GILARDINO', 'FW', 'Fiorentina (ITA)'),
(482, 0, '1985-01-18 00:00:00', 22, 181, 'Riccardo MONTOLIVO', 'MF', 'Fiorentina (ITA)'),
(483, 0, '1982-02-11 00:00:00', 2, 184, 'Christian MAGGIO', 'DF', 'Napoli (ITA)'),
(484, 0, '1979-10-05 00:00:00', 5, 181, 'Julio Cesar CACERES', 'DF', 'Atletico Mineiro (BRA)'),
(485, 0, '1980-02-01 00:00:00', 14, 184, 'Paulo DA SILVA', 'DF', 'Sunderland (ENG)'),
(486, 0, '1987-11-08 00:00:00', 10, 176, 'Edgar BENITEZ', 'FW', 'Pachuca (MEX)'),
(487, 0, '1977-10-02 00:00:00', 6, 176, 'Carlos BONET', 'MF', 'Olimpia Asuncion (PAR)'),
(488, 0, '1985-03-25 00:00:00', 15, 186, 'Victor CACERES', 'MF', 'Libertad (PAR)'),
(489, 0, '1981-08-16 00:00:00', 9, 191, 'Roque SANTA CRUZ', 'FW', 'Manchester City (ENG)'),
(490, 0, '1978-02-02 00:00:00', 3, 175, 'Claudio MOREL', 'DF', 'Boca Juniors (ARG)'),
(491, 0, '1974-08-29 00:00:00', 4, 174, 'Denis CANIZA', 'DF', 'Leon (MEX)'),
(492, 0, '1982-10-16 00:00:00', 16, 179, 'Cristian RIVEROS', 'MF', 'Cruz Azul (MEX)'),
(493, 0, '1983-05-20 00:00:00', 7, 192, 'Oscar CARDOZO', 'FW', 'Benfica (POR)'),
(494, 0, '1981-07-16 00:00:00', 12, 182, 'Diego BARRETO', 'GK', 'Cerro Porteno (PAR)'),
(495, 0, '1976-04-20 00:00:00', 22, 192, 'Aldo BOBADILLA', 'GK', 'Independiente Medellin (COL)'),
(496, 0, '1988-12-10 00:00:00', 23, 168, 'Rodolfo GAMARRA', 'FW', 'Libertad (PAR)'),
(497, 0, '1982-07-30 00:00:00', 21, 184, 'Antolin ALCARAZ', 'DF', 'Club Brugge (BEL)'),
(498, 0, '1977-06-30 00:00:00', 1, 180, 'Justo VILLAR', 'GK', 'Valladolid (ESP)'),
(499, 0, '1981-10-19 00:00:00', 11, 181, 'Jonathan SANTANA', 'MF', 'Wolfsburg (GER)'),
(500, 0, '1983-11-28 00:00:00', 18, 178, 'Nelson VALDEZ', 'FW', 'Borussia Dortmund (GER)'),
(501, 0, '1982-06-16 00:00:00', 17, 178, 'Aureliano TORRES', 'DF', 'San Lorenzo (ARG)'),
(502, 0, '1979-03-10 00:00:00', 13, 178, 'Enrique VERA', 'MF', 'Liga de Quito (ECU)'),
(503, 0, '1984-11-13 00:00:00', 19, 187, 'Lucas BARRIOS', 'FW', 'Borussia Dortmund (GER)'),
(504, 0, '1984-10-07 00:00:00', 20, 180, 'Nestor ORTIGOZA', 'MF', 'Argentinos Juniors (ARG)'),
(505, 0, '1984-07-15 00:00:00', 8, 178, 'Edgar BARRETO', 'MF', 'Atalanta (ITA)'),
(506, 0, '1979-07-26 00:00:00', 2, 181, 'Dario VERON', 'DF', 'Pumas UNAM (MEX)'),
(507, 0, '1987-10-07 00:00:00', 22, 182, 'Jeremy BROCKIE', 'FW', 'North Queensland Fury (AUS)'),
(508, 0, '1976-09-03 00:00:00', 5, 193, 'Ivan VICELICH', 'DF', 'Auckland City (NZL)'),
(509, 0, '1974-06-10 00:00:00', 7, 180, 'Simon ELLIOTT', 'MF', 'no club affiliation (UNK)'),
(510, 0, '1980-12-24 00:00:00', 13, 178, 'Andy BARRON', 'MF', 'Team Wellington (NZL)'),
(511, 0, '1981-02-03 00:00:00', 2, 187, 'Ben SIGMUND', 'DF', 'Wellington Phoenix (NZL)'),
(512, 0, '1991-12-07 00:00:00', 20, 191, 'Chris WOOD', 'FW', 'West Bromwich Albion (ENG)'),
(513, 0, '1988-07-03 00:00:00', 4, 190, 'Winston REID', 'DF', 'Midtjylland (DEN)'),
(514, 0, '1983-01-19 00:00:00', 12, 188, 'Glen MOSS', 'GK', 'Melbourne Victory (AUS)'),
(515, 0, '1990-03-31 00:00:00', 19, 187, 'Tommy SMITH', 'DF', 'Ipswich Town (ENG)'),
(516, 0, '1981-10-08 00:00:00', 10, 188, 'Chris KILLEN', 'FW', 'Middlesbrough (ENG)'),
(517, 0, '1981-09-29 00:00:00', 9, 184, 'Shane SMELTZ', 'FW', 'Gold Coast United (AUS)'),
(518, 0, '1987-01-07 00:00:00', 15, 173, 'Michael McGLINCHEY', 'MF', 'Motherwell (SCO)'),
(519, 0, '1982-03-24 00:00:00', 17, 173, 'Dave MULLIGAN', 'MF', 'no club affiliation (UNK)'),
(520, 0, '1976-12-13 00:00:00', 1, 195, 'Mark PASTON', 'GK', 'Wellington Phoenix (NZL)'),
(521, 0, '1982-01-12 00:00:00', 3, 183, 'Tony LOCHHEAD', 'DF', 'Wellington Phoenix (NZL)'),
(522, 0, '1981-12-20 00:00:00', 11, 177, 'Leo BERTOS', 'MF', 'Wellington Phoenix (NZL)'),
(523, 0, '1977-10-18 00:00:00', 6, 185, 'Ryan NELSEN', 'DF', 'Blackburn Rovers (ENG)'),
(524, 0, '1983-09-18 00:00:00', 18, 192, 'Andy BOYENS', 'DF', 'New York Red Bulls (USA)'),
(525, 0, '1982-03-20 00:00:00', 14, 191, 'Rory FALLON', 'FW', 'Plymouth Argyle (ENG)'),
(526, 0, '1987-01-15 00:00:00', 16, 172, 'Aaron CLAPHAM', 'MF', 'Canterbury Utd. (NZL)'),
(527, 0, '1981-03-06 00:00:00', 8, 185, 'Tim BROWN', 'MF', 'Wellington Phoenix (NZL)'),
(528, 0, '1975-06-30 00:00:00', 23, 195, 'James BANNATYNE', 'GK', 'Team Wellington (NZL)'),
(529, 0, '1983-05-22 00:00:00', 21, 180, 'Jeremy CHRISTIE', 'MF', 'Tampa Bay (USA)'),
(530, 0, '1982-12-16 00:00:00', 9, 178, 'Stanislav SESTAK', 'FW', 'Bochum (GER)'),
(531, 0, '1982-04-01 00:00:00', 11, 188, 'Robert VITTEK', 'FW', 'Ankaragucu (TUR)'),
(532, 0, '1985-05-21 00:00:00', 23, 195, 'Dusan KUCIAK', 'GK', 'Vaslui (ROU)'),
(533, 0, '1989-11-30 00:00:00', 7, 176, 'Vladimir WEISS', 'MF', 'Manchester City (ENG)'),
(534, 0, '1989-10-19 00:00:00', 15, 168, 'Miroslav STOCH', 'MF', 'Twente Enschede (NED)'),
(535, 0, '1982-07-31 00:00:00', 10, 176, 'Marek SAPARA', 'MF', 'Ankaragucu (TUR)'),
(536, 0, '1986-10-26 00:00:00', 18, 176, 'Erik JENDRISEK', 'FW', 'Kaiserslautern (GER)'),
(537, 0, '1984-05-18 00:00:00', 20, 180, 'Kamil KOPUNEK', 'MF', 'Spartak Trnava (SVK)'),
(538, 0, '1986-10-30 00:00:00', 2, 176, 'Peter PEKARIK', 'DF', 'Wolfsburg (GER)'),
(539, 0, '1980-04-22 00:00:00', 8, 192, 'Jan KOZAK', 'MF', 'Timisoara (ROU)'),
(540, 0, '1984-12-15 00:00:00', 3, 188, 'Martin SKRTEL', 'DF', 'Liverpool (ENG)'),
(541, 0, '1987-02-26 00:00:00', 19, 186, 'Juraj KUCKA', 'MF', 'Sparta Prague (CZE)'),
(542, 0, '1981-12-10 00:00:00', 16, 187, 'Jan DURICA', 'DF', 'Hannover 96 (GER)'),
(543, 0, '1982-12-05 00:00:00', 1, 189, 'Jan MUCHA', 'GK', 'Legia Warsaw (POL)'),
(544, 0, '1984-01-17 00:00:00', 13, 186, 'Filip HOLOSKO', 'FW', 'Besiktas (TUR)'),
(545, 0, '1979-11-02 00:00:00', 22, 187, 'Martin PETRAS', 'DF', 'Cesena (ITA)'),
(546, 0, '1983-01-26 00:00:00', 4, 181, 'Marek CECH', 'DF', 'West Bromwich Albion (ENG)'),
(547, 0, '1985-01-24 00:00:00', 21, 190, 'Kornel SALATA', 'DF', 'Slovan Bratislava (SVK)'),
(548, 0, '1987-07-27 00:00:00', 17, 184, 'Marek HAMSIK', 'MF', 'Napoli (ITA)'),
(549, 0, '1980-09-16 00:00:00', 5, 180, 'Radoslav ZABAVNIK', 'DF', 'Mainz 05 (GER)'),
(550, 0, '1976-06-09 00:00:00', 6, 187, 'Zdenko STRBA', 'MF', 'Xanthi (GRE)'),
(551, 0, '1980-02-26 00:00:00', 14, 193, 'Martin JAKUBKO', 'FW', 'FC Moscow (RUS)'),
(552, 0, '1984-11-28 00:00:00', 12, 190, 'Dusan PERNIS', 'GK', 'Dundee Utd. (SCO)'),
(553, 0, '1983-06-26 00:00:00', 5, 183, 'FELIPE MELO', 'MF', 'Juventus (ITA)'),
(554, 0, '1979-06-19 00:00:00', 20, 175, 'KLEBERSON', 'MF', 'Flamengo (BRA)'),
(555, 0, '1978-05-08 00:00:00', 3, 188, 'LUCIO', 'DF', 'Inter (ITA)'),
(556, 0, '1982-04-22 00:00:00', 10, 186, 'KAKA', 'MF', 'Real Madrid (ESP)'),
(557, 0, '1984-09-22 00:00:00', 15, 183, 'THIAGO SILVA', 'DF', 'AC Milan (ITA)'),
(558, 0, '1983-08-02 00:00:00', 6, 179, 'MICHEL BASTOS', 'DF', 'Lyon (FRA)'),
(559, 0, '1981-02-13 00:00:00', 14, 193, 'LUISAO', 'DF', 'Benfica (POR)'),
(560, 0, '1980-11-08 00:00:00', 9, 186, 'LUIS FABIANO', 'FW', 'Sevilla FC (ESP)'),
(561, 0, '1981-02-15 00:00:00', 12, 191, 'GOMES', 'GK', 'Tottenham Hotspur (ENG)'),
(562, 0, '1981-06-14 00:00:00', 7, 174, 'ELANO', 'MF', 'Galatasaray (TUR)'),
(563, 0, '1984-07-14 00:00:00', 21, 180, 'NILMAR', 'FW', 'Villarreal (ESP)'),
(564, 0, '1987-03-24 00:00:00', 18, 179, 'RAMIRES', 'MF', 'Benfica (POR)'),
(565, 0, '1984-01-25 00:00:00', 11, 175, 'ROBINHO', 'FW', 'Santos (BRA)'),
(566, 0, '1979-09-03 00:00:00', 1, 186, 'JULIO CESAR', 'GK', 'Inter (ITA)'),
(567, 0, '1981-10-01 00:00:00', 19, 185, 'JULIO BAPTISTA', 'MF', 'AS Roma (ITA)'),
(568, 0, '1976-04-25 00:00:00', 16, 180, 'GILBERTO MELO', 'DF', 'Cruzeiro (BRA)'),
(569, 0, '1976-10-07 00:00:00', 8, 184, 'GILBERTO SILVA', 'MF', 'Panathinaikos (GRE)'),
(570, 0, '1979-07-19 00:00:00', 17, 169, 'JOSUE', 'MF', 'Wolfsburg (GER)'),
(571, 0, '1979-10-22 00:00:00', 22, 194, 'DONI', 'GK', 'AS Roma (ITA)'),
(572, 0, '1981-07-26 00:00:00', 2, 186, 'MAICON', 'DF', 'Inter (ITA)'),
(573, 0, '1983-05-06 00:00:00', 13, 173, 'DANI ALVES', 'DF', 'Barcelona (ESP)'),
(574, 0, '1979-02-01 00:00:00', 4, 182, 'JUAN', 'DF', 'AS Roma (ITA)'),
(575, 0, '1979-04-02 00:00:00', 23, 189, 'GRAFITE', 'FW', 'Wolfsburg (GER)'),
(576, 0, '1987-10-10 00:00:00', 6, 170, 'KIM Kum Il', 'MF', 'April 25 (PRK)'),
(577, 0, '1983-07-15 00:00:00', 20, 180, 'KIM Myong Won', 'GK', 'Amrokgang (PRK)'),
(578, 0, '1985-09-25 00:00:00', 2, 178, 'CHA Jong Hyok', 'DF', 'Amrokgang (PRK)'),
(579, 0, '1985-09-05 00:00:00', 13, 184, 'PAK Chol Jin', 'DF', 'Amrokgang (PRK)'),
(580, 0, '1978-09-29 00:00:00', 11, 167, 'MUN In Guk', 'MF', 'April 25 (PRK)'),
(581, 0, '1988-12-11 00:00:00', 22, 174, 'KIM Kyong Il', 'MF', 'Rimyongsu (PRK)'),
(582, 0, '1984-10-16 00:00:00', 18, 181, 'KIM Myong Gil', 'GK', 'Amrokgang (PRK)'),
(583, 0, '1984-03-02 00:00:00', 9, 181, 'JONG Tae Se', 'FW', 'Kawasaki Frontale (JPN)'),
(584, 0, '1982-05-07 00:00:00', 16, 178, 'NAM Song Chol', 'DF', 'April 25 (PRK)'),
(585, 0, '1978-10-25 00:00:00', 17, 182, 'AN Yong Hak', 'MF', 'Omiya Ardija (JPN)'),
(586, 0, '1987-06-27 00:00:00', 7, 178, 'AN Chol Hyok', 'FW', 'Rimyongsu (PRK)'),
(587, 0, '1987-08-17 00:00:00', 21, 178, 'RI Kwang Hyok', 'DF', 'Kyonggongop (PRK)'),
(588, 0, '1986-09-09 00:00:00', 1, 187, 'RI Myong Guk', 'GK', 'Pyongyang City (PRK)'),
(589, 0, '1987-08-24 00:00:00', 3, 178, 'RI Jun Il', 'DF', 'Sobaeksu (PRK)'),
(590, 0, '1982-05-22 00:00:00', 10, 174, 'HONG Yong Jo', 'FW', 'FK Rostov (RUS)'),
(591, 0, '1985-07-02 00:00:00', 4, 172, 'PAK Nam Chol', 'MF', 'April 25 (PRK)'),
(592, 0, '1976-11-20 00:00:00', 8, 172, 'JI Yun Nam', 'DF', 'April 25 (PRK)'),
(593, 0, '1987-02-09 00:00:00', 12, 178, 'CHOE Kum Chol', 'FW', 'April 25 (PRK)'),
(594, 0, '1990-05-30 00:00:00', 23, 175, 'PAK Sung Hyok', 'MF', 'Sobaeksu (PRK)'),
(595, 0, '1985-09-04 00:00:00', 5, 183, 'RI Kwang Chon', 'DF', 'April 25 (PRK)'),
(596, 0, '1983-07-19 00:00:00', 15, 182, 'KIM Yong Jun', 'MF', 'Pyongyang City (PRK)');
INSERT INTO `player` (`id`, `version`, `date_of_birth`, `nr`, `height`, `name`, `pos`, `clubs`) VALUES
(597, 0, '1988-02-18 00:00:00', 19, 173, 'RI Chol Myong', 'MF', 'Pyongyang City (PRK)'),
(598, 0, '1988-10-03 00:00:00', 14, 183, 'PAK Nam Chol', 'DF', 'Amrokgang (PRK)'),
(599, 0, '1983-06-04 00:00:00', 13, 187, 'ROMARIC', 'MF', 'Sevilla FC (ESP)'),
(600, 0, '1985-01-13 00:00:00', 22, 190, 'Souleymane BAMBA', 'DF', 'Hibernian (SCO)'),
(601, 0, '1987-05-27 00:00:00', 10, 179, 'GERVINHO', 'FW', 'Lille (FRA)'),
(602, 0, '1981-03-19 00:00:00', 4, 183, 'Kolo TOURE', 'DF', 'Manchester City (ENG)'),
(603, 0, '1981-08-06 00:00:00', 18, 184, 'Kader KEITA', 'FW', 'Galatasaray (TUR)'),
(604, 0, '1984-11-13 00:00:00', 23, 187, 'Daniel YEBOAH', 'GK', 'ASEC Mimosas (CIV)'),
(605, 0, '1986-12-31 00:00:00', 14, 177, 'Emmanuel KONE', 'MF', 'International (ROU)'),
(606, 0, '1987-12-31 00:00:00', 7, 183, 'Seydou DOUMBIA', 'FW', 'Young Boys (SUI)'),
(607, 0, '1979-12-30 00:00:00', 1, 180, 'Boubacar BARRY', 'GK', 'Lokeren (BEL)'),
(608, 0, '1985-08-05 00:00:00', 8, 175, 'Salomon KALOU', 'FW', 'Chelsea (ENG)'),
(609, 0, '1983-06-04 00:00:00', 21, 178, 'Emmanuel EBOUE', 'DF', 'Arsenal (ENG)'),
(610, 0, '1980-12-14 00:00:00', 5, 183, 'Didier ZOKORA', 'MF', 'Sevilla FC (ESP)'),
(611, 0, '1983-04-02 00:00:00', 3, 166, 'Arthur BOKA', 'DF', 'VfB Stuttgart (GER)'),
(612, 0, '1981-06-13 00:00:00', 20, 191, 'Guy DEMEL', 'DF', 'Hamburger SV (GER)'),
(613, 0, '1980-11-26 00:00:00', 15, 174, 'Aruna DINDANE', 'FW', 'Portsmouth (ENG)'),
(614, 0, '1983-03-15 00:00:00', 12, 177, 'Jean Jacques GOSSO', 'MF', 'Monaco (FRA)'),
(615, 0, '1981-02-08 00:00:00', 6, 187, 'Steve GOHOURI', 'DF', 'Wigan (ENG)'),
(616, 0, '1978-03-11 00:00:00', 11, 180, 'Didier DROGBA', 'FW', 'Chelsea (ENG)'),
(617, 0, '1983-05-13 00:00:00', 19, 189, 'Yaya TOURE', 'MF', 'Barcelona (ESP)'),
(618, 0, '1981-12-30 00:00:00', 16, 183, 'Aristide ZOGBO', 'GK', 'Maccabi Netanya (ISR)'),
(619, 0, '1982-02-22 00:00:00', 17, 176, 'Siaka TIENE', 'DF', 'Valenciennes (FRA)'),
(620, 0, '1986-11-28 00:00:00', 2, 178, 'Brou ANGOUA', 'DF', 'Valenciennes (FRA)'),
(621, 0, '1986-06-21 00:00:00', 9, 175, 'Ismael TIOTE', 'MF', 'Twente Enschede (NED)'),
(622, 0, '1983-03-17 00:00:00', 16, 179, 'RAUL MEIRELES', 'MF', 'Porto (POR)'),
(623, 0, '1985-08-31 00:00:00', 4, 189, 'ROLANDO', 'DF', 'Porto (POR)'),
(624, 0, '1983-08-07 00:00:00', 10, 179, 'DANNY', 'FW', 'Zenit St Petersburg (RUS)'),
(625, 0, '1977-08-27 00:00:00', 20, 175, 'DECO', 'MF', 'Chelsea (ENG)'),
(626, 0, '1985-02-05 00:00:00', 7, 185, 'CRISTIANO RONALDO', 'FW', 'Real Madrid (ESP)'),
(627, 0, '1979-02-26 00:00:00', 8, 177, 'PEDRO MENDES', 'MF', 'Sporting Lisbon (POR)'),
(628, 0, '1983-09-25 00:00:00', 22, 194, 'DANIEL FERNANDES', 'GK', 'Iraklis (GRE)'),
(629, 0, '1988-03-11 00:00:00', 23, 181, 'FABIO COENTRAO', 'DF', 'Benfica (POR)'),
(630, 0, '1986-05-11 00:00:00', 14, 181, 'MIGUEL VELOSO', 'MF', 'Sporting Lisbon (POR)'),
(631, 0, '1977-12-17 00:00:00', 9, 173, 'LIEDSON', 'FW', 'Sporting Lisbon (POR)'),
(632, 0, '1982-05-01 00:00:00', 12, 183, 'BETO', 'GK', 'Porto (POR)'),
(633, 0, '1979-01-18 00:00:00', 3, 181, 'PAULO FERREIRA', 'DF', 'Chelsea (ENG)'),
(634, 0, '1982-09-19 00:00:00', 1, 187, 'EDUARDO', 'GK', 'Braga (POR)'),
(635, 0, '1980-06-27 00:00:00', 5, 175, 'DUDA', 'DF', 'Malaga (ESP)'),
(636, 0, '1981-05-02 00:00:00', 19, 183, 'TIAGO', 'MF', 'Atletico Madrid (ESP)'),
(637, 0, '1983-02-26 00:00:00', 15, 186, 'PEPE', 'MF', 'Real Madrid (ESP)'),
(638, 0, '1980-01-04 00:00:00', 13, 175, 'MIGUEL', 'DF', 'Valencia (ESP)'),
(639, 0, '1981-11-27 00:00:00', 2, 187, 'BRUNO ALVES', 'DF', 'Porto (POR)'),
(640, 0, '1985-01-27 00:00:00', 17, 180, 'RUBEN AMORIM', 'MF', 'Benfica (POR)'),
(641, 0, '1984-05-23 00:00:00', 18, 193, 'HUGO ALMEIDA', 'FW', 'Werder Bremen (GER)'),
(642, 0, '1978-05-18 00:00:00', 6, 183, 'RICARDO CARVALHO', 'DF', 'Chelsea (ENG)'),
(643, 0, '1981-05-16 00:00:00', 21, 183, 'RICARDO COSTA', 'DF', 'Lille (FRA)'),
(644, 0, '1979-10-31 00:00:00', 11, 170, 'SIMAO', 'FW', 'Atletico Madrid (ESP)'),
(645, 0, '1981-12-03 00:00:00', 7, 175, 'David VILLA', 'FW', 'Valencia (ESP)'),
(646, 0, '1987-05-04 00:00:00', 10, 175, 'Cesc FABREGAS', 'MF', 'Arsenal (ENG)'),
(647, 0, '1985-11-21 00:00:00', 22, 172, 'Jesus NAVAS', 'FW', 'Sevilla FC (ESP)'),
(648, 0, '1982-01-14 00:00:00', 12, 183, 'Victor VALDES', 'GK', 'Barcelona (ESP)'),
(649, 0, '1987-07-28 00:00:00', 18, 169, 'PEDRO', 'FW', 'Barcelona (ESP)'),
(650, 0, '1988-09-02 00:00:00', 20, 190, 'Javier MARTINEZ', 'MF', 'Athletic Bilbao (ESP)'),
(651, 0, '1988-04-28 00:00:00', 13, 174, 'Juan Manuel MATA', 'FW', 'Valencia (ESP)'),
(652, 0, '1981-11-25 00:00:00', 14, 183, 'XABI ALONSO', 'MF', 'Real Madrid (ESP)'),
(653, 0, '1980-01-25 00:00:00', 8, 170, 'XAVI', 'MF', 'Barcelona (ESP)'),
(654, 0, '1982-08-31 00:00:00', 23, 187, 'Pepe REINA', 'GK', 'Liverpool (ENG)'),
(655, 0, '1988-07-16 00:00:00', 16, 189, 'Sergio BUSQUETS', 'MF', 'Barcelona (ESP)'),
(656, 0, '1983-01-17 00:00:00', 17, 184, 'Alvaro ARBELOA', 'DF', 'Real Madrid (ESP)'),
(657, 0, '1984-03-20 00:00:00', 9, 181, 'Fernando TORRES', 'FW', 'Liverpool (ENG)'),
(658, 0, '1979-07-31 00:00:00', 4, 182, 'Carlos MARCHENA', 'DF', 'Valencia (ESP)'),
(659, 0, '1985-09-04 00:00:00', 2, 187, 'Raul ALBIOL', 'DF', 'Real Madrid (ESP)'),
(660, 0, '1978-04-13 00:00:00', 5, 178, 'Carles PUYOL', 'DF', 'Barcelona (ESP)'),
(661, 0, '1978-02-03 00:00:00', 11, 182, 'Joan CAPDEVILA', 'DF', 'Villarreal (ESP)'),
(662, 0, '1986-03-30 00:00:00', 15, 183, 'SERGIO RAMOS', 'DF', 'Real Madrid (ESP)'),
(663, 0, '1986-01-08 00:00:00', 21, 177, 'DAVID SILVA', 'MF', 'Valencia (ESP)'),
(664, 0, '1984-05-11 00:00:00', 6, 170, 'Andres INIESTA', 'MF', 'Barcelona (ESP)'),
(665, 0, '1987-02-02 00:00:00', 3, 192, 'Gerard PIQUE', 'DF', 'Barcelona (ESP)'),
(666, 0, '1981-05-20 00:00:00', 1, 184, 'Iker CASILLAS', 'GK', 'Real Madrid (ESP)'),
(667, 0, '1985-02-26 00:00:00', 19, 194, 'Fernando LLORENTE', 'FW', 'Athletic Bilbao (ESP)'),
(668, 0, '1991-10-10 00:00:00', 23, 169, 'Xherdan SHAQIRI', 'MF', 'Basel (SUI)'),
(669, 0, '1983-09-08 00:00:00', 1, 193, 'Diego BENAGLIO', 'GK', 'Wolfsburg (GER)'),
(670, 0, '1986-01-16 00:00:00', 17, 183, 'Reto ZIEGLER', 'DF', 'Sampdoria (ITA)'),
(671, 0, '1985-05-22 00:00:00', 7, 178, 'Tranquillo BARNETTA', 'MF', 'Bayer Leverkusen (GER)'),
(672, 0, '1982-08-22 00:00:00', 12, 185, 'Marco WOELFLI', 'GK', 'Young Boys (SUI)'),
(673, 0, '1985-02-14 00:00:00', 4, 190, 'Philippe SENDEROS', 'DF', 'Everton (ENG)'),
(674, 0, '1981-01-24 00:00:00', 22, 184, 'Mario EGGIMANN', 'DF', 'Hannover 96 (GER)'),
(675, 0, '1987-03-09 00:00:00', 20, 178, 'Pirmin SCHWEGLER', 'MF', 'Eintracht Frankfurt (GER)'),
(676, 0, '1977-02-22 00:00:00', 15, 180, 'Hakan YAKIN', 'MF', 'Lucerne (SUI)'),
(677, 0, '1975-05-25 00:00:00', 10, 186, 'Blaise NKUFO', 'FW', 'Twente Enschede (NED)'),
(678, 0, '1984-06-30 00:00:00', 21, 189, 'Johnny LEONI', 'GK', 'FC Zurich (SUI)'),
(679, 0, '1983-11-29 00:00:00', 18, 178, 'Albert BUNJAKU', 'FW', 'Nuremberg (GER)'),
(680, 0, '1983-12-08 00:00:00', 14, 177, 'Marco PADALINO', 'MF', 'Sampdoria (ITA)'),
(681, 0, '1979-07-15 00:00:00', 9, 180, 'Alexander FREI', 'FW', 'Basel (SUI)'),
(682, 0, '1984-01-16 00:00:00', 2, 180, 'Stephan LICHTSTEINER', 'DF', 'Lazio (ITA)'),
(683, 0, '1984-06-27 00:00:00', 8, 183, 'Gokhan INLER', 'MF', 'Udinese (ITA)'),
(684, 0, '1985-04-19 00:00:00', 11, 184, 'Valon BEHRAMI', 'MF', 'West Ham Utd. (ENG)'),
(685, 0, '1986-09-02 00:00:00', 16, 183, 'Gelson FERNANDES', 'MF', 'Saint-Etienne (FRA)'),
(686, 0, '1983-06-10 00:00:00', 5, 183, 'Steve VON BERGEN', 'DF', 'Hertha Berlin (GER)'),
(687, 0, '1979-03-30 00:00:00', 13, 186, 'Stephane GRICHTING', 'DF', 'Auxerre (FRA)'),
(688, 0, '1977-07-07 00:00:00', 6, 190, 'Benjamin HUGGEL', 'MF', 'Basel (SUI)'),
(689, 0, '1979-04-20 00:00:00', 3, 186, 'Ludovic MAGNIN', 'DF', 'FC Zurich (SUI)'),
(690, 0, '1988-06-12 00:00:00', 19, 190, 'Eren DERDIYOK', 'FW', 'Bayer Leverkusen (GER)'),
(691, 0, '1982-05-30 00:00:00', 1, 180, 'Ricardo CANALES', 'GK', 'Motagua (HON)'),
(692, 0, '1978-05-08 00:00:00', 19, 166, 'Danilo TURCIOS', 'MF', 'Olimpia Tegucigalpa (HON)'),
(693, 0, '1985-02-23 00:00:00', 6, 180, 'Hendry THOMAS', 'MF', 'Wigan (ENG)'),
(694, 0, '1976-05-02 00:00:00', 20, 176, 'Amado GUEVARA', 'MF', 'Motagua (HON)'),
(695, 0, '1981-05-23 00:00:00', 23, 177, 'Sergio MENDOZA', 'DF', 'Motagua (HON)'),
(696, 0, '1982-05-24 00:00:00', 5, 187, 'Victor BERNARDEZ', 'DF', 'Anderlecht (BEL)'),
(697, 0, '1978-11-11 00:00:00', 16, 180, 'Mauricio SABILLON', 'DF', 'Hangzhou Greentown (CHN)'),
(698, 0, '1986-12-20 00:00:00', 4, 182, 'Jhony PALACIOS', 'DF', 'Olimpia Tegucigalpa (HON)'),
(699, 0, '1983-05-02 00:00:00', 3, 182, 'Maynor FIGUEROA', 'DF', 'Wigan (ENG)'),
(700, 0, '1979-11-05 00:00:00', 11, 183, 'David SUAZO', 'FW', 'Genoa (ITA)'),
(701, 0, '1984-07-29 00:00:00', 8, 176, 'Wilson PALACIOS', 'MF', 'Tottenham Hotspur (ENG)'),
(702, 0, '1982-03-24 00:00:00', 15, 166, 'Walter MARTINEZ', 'FW', 'Marathon (HON)'),
(703, 0, '1986-05-10 00:00:00', 21, 178, 'Emilio IZAGUIRRE', 'DF', 'Motagua (HON)'),
(704, 0, '1982-05-13 00:00:00', 10, 183, 'Jerry PALACIOS', 'MF', 'Hangzhou Greentown (CHN)'),
(705, 0, '1986-10-25 00:00:00', 13, 178, 'Roger ESPINOZA', 'FW', 'Kansas City Wizards (USA)'),
(706, 0, '1973-10-09 00:00:00', 9, 180, 'Carlos PAVON', 'FW', 'Real Espana (HON)'),
(707, 0, '1985-03-09 00:00:00', 12, 192, 'Georgie WELCOME', 'FW', 'Motagua (HON)'),
(708, 0, '1984-07-29 00:00:00', 2, 187, 'Osman CHAVEZ', 'DF', 'Platense (HON)'),
(709, 0, '1977-05-03 00:00:00', 18, 179, 'Noel VALLADARES', 'GK', 'Olimpia Tegucigalpa (HON)'),
(710, 0, '1980-01-18 00:00:00', 17, 170, 'Edgar ALVAREZ', 'MF', 'Bari (ITA)'),
(711, 0, '1981-02-03 00:00:00', 22, 180, 'Donis ESCOBER', 'GK', 'Olimpia Tegucigalpa (HON)'),
(712, 0, '1984-09-04 00:00:00', 14, 176, 'Oscar GARCIA', 'DF', 'Olimpia Tegucigalpa (HON)'),
(713, 0, '1985-11-14 00:00:00', 7, 169, 'Ramon NUNEZ', 'MF', 'Olimpia Tegucigalpa (HON)'),
(714, 0, '1983-05-18 00:00:00', 23, 186, 'Luis MARIN', 'GK', 'Union Espanola (CHI)'),
(715, 0, '1983-07-04 00:00:00', 12, 180, 'Miguel PINTO', 'GK', 'Univ. de Chile (CHI)'),
(716, 0, '1983-03-21 00:00:00', 19, 171, 'Gonzalo FIERRO', 'MF', 'Flamengo (BRA)'),
(717, 0, '1986-01-27 00:00:00', 16, 168, 'Fabian ORELLANA', 'FW', 'Xerez (ESP)'),
(718, 0, '1985-08-29 00:00:00', 18, 177, 'Gonzalo JARA', 'DF', 'West Bromwich Albion (ENG)'),
(719, 0, '1983-10-19 00:00:00', 10, 173, 'Jorge VALDIVIA', 'MF', 'Al Ain (UAE)'),
(720, 0, '1987-02-21 00:00:00', 6, 179, 'Carlos CARMONA', 'MF', 'Reggina (ITA)'),
(721, 0, '1986-05-15 00:00:00', 14, 176, 'Matias FERNANDEZ', 'MF', 'Sporting Lisbon (POR)'),
(722, 0, '1981-08-04 00:00:00', 2, 181, 'Ismael FUENTES', 'DF', 'Univ. Catolica (CHI)'),
(723, 0, '1984-06-01 00:00:00', 15, 178, 'Jean BEAUSEJOUR', 'FW', 'America (MEX)'),
(724, 0, '1988-06-12 00:00:00', 4, 177, 'Mauricio ISLA', 'DF', 'Udinese (ITA)'),
(725, 0, '1981-11-03 00:00:00', 20, 182, 'Rodrigo MILLAR', 'MF', 'Colo Colo (CHI)'),
(726, 0, '1982-12-04 00:00:00', 3, 183, 'Waldo PONCE', 'DF', 'Univ. Catolica (CHI)'),
(727, 0, '1978-09-11 00:00:00', 5, 178, 'Pablo CONTRERAS', 'DF', 'PAOK (GRE)'),
(728, 0, '1988-12-19 00:00:00', 7, 168, 'Alexis SANCHEZ', 'FW', 'Udinese (ITA)'),
(729, 0, '1987-05-22 00:00:00', 8, 178, 'Arturo VIDAL', 'MF', 'Bayer Leverkusen (GER)'),
(730, 0, '1983-05-28 00:00:00', 13, 174, 'Marco ESTRADA', 'MF', 'Univ. de Chile (CHI)'),
(731, 0, '1987-08-03 00:00:00', 17, 171, 'Gary MEDEL', 'DF', 'Boca Juniors (ARG)'),
(732, 0, '1980-08-01 00:00:00', 22, 179, 'Esteban PAREDES', 'FW', 'Colo Colo (CHI)'),
(733, 0, '1979-10-14 00:00:00', 21, 171, 'Rodrigo TELLO', 'MF', 'Besiktas (TUR)'),
(734, 0, '1983-04-13 00:00:00', 1, 183, 'Claudio BRAVO', 'GK', 'Real Sociedad (ESP)'),
(735, 0, '1981-05-10 00:00:00', 9, 171, 'Humberto SUAZO', 'FW', 'Zaragoza (ESP)'),
(736, 0, '1984-07-10 00:00:00', 11, 175, 'Mark GONZALEZ', 'FW', 'CSKA Moscow (RUS)');

-- --------------------------------------------------------

--
-- Table structure for table `role`
--

CREATE TABLE IF NOT EXISTS `role` (
  `id` bigint(20) NOT NULL auto_increment,
  `version` bigint(20) NOT NULL,
  `authority` varchar(255) NOT NULL,
  `description` varchar(255) NOT NULL,
  PRIMARY KEY  (`id`),
  UNIQUE KEY `authority` (`authority`)
) ENGINE=MyISAM  DEFAULT CHARSET=latin1 AUTO_INCREMENT=3 ;

--
-- Dumping data for table `role`
--

INSERT INTO `role` (`id`, `version`, `authority`, `description`) VALUES
(1, 1, 'ROLE_ADMIN', 'Administration role'),
(2, 16, 'ROLE_USER', 'End user role');

-- --------------------------------------------------------

--
-- Table structure for table `role_people`
--

CREATE TABLE IF NOT EXISTS `role_people` (
  `user_id` bigint(20) NOT NULL,
  `role_id` bigint(20) NOT NULL,
  PRIMARY KEY  (`role_id`,`user_id`),
  KEY `FK28B75E78BE5586DA` (`role_id`),
  KEY `FK28B75E7863804ABA` (`user_id`)
) ENGINE=MyISAM DEFAULT CHARSET=latin1;

--
-- Dumping data for table `role_people`
--

INSERT INTO `role_people` (`user_id`, `role_id`) VALUES
(1, 1),
(1, 2),
(2, 2),
(3, 2),
(4, 2),
(5, 2),
(6, 2),
(7, 2),
(8, 2),
(9, 2),
(10, 2),
(11, 2),
(12, 2),
(13, 2);

-- --------------------------------------------------------

--
-- Table structure for table `team`
--

CREATE TABLE IF NOT EXISTS `team` (
  `id` bigint(20) NOT NULL auto_increment,
  `version` bigint(20) NOT NULL,
  `name` varchar(255) NOT NULL,
  `link` varchar(255) NOT NULL,
  `image` varchar(255) NOT NULL,
  PRIMARY KEY  (`id`)
) ENGINE=MyISAM  DEFAULT CHARSET=latin1 AUTO_INCREMENT=33 ;

--
-- Dumping data for table `team`
--

INSERT INTO `team` (`id`, `version`, `name`, `link`, `image`) VALUES
(1, 0, 'Zuid-Afrika', '/worldcup/teams/team=43883/index.html', 'http://img.fifa.com/imgml/flags/s/rsa.gif'),
(2, 0, 'Mexico', '/worldcup/teams/team=43911/index.html', 'http://img.fifa.com/imgml/flags/s/mex.gif'),
(3, 0, 'Uruguay', '/worldcup/teams/team=43930/index.html', 'http://img.fifa.com/imgml/flags/s/uru.gif'),
(4, 0, 'Frankrijk', '/worldcup/teams/team=43946/index.html', 'http://img.fifa.com/imgml/flags/s/fra.gif'),
(5, 0, 'Argentini', '/worldcup/teams/team=43922/index.html', 'http://img.fifa.com/imgml/flags/s/arg.gif'),
(6, 0, 'Nigeria', '/worldcup/teams/team=43876/index.html', 'http://img.fifa.com/imgml/flags/s/nga.gif'),
(7, 0, 'Zuid-Korea', '/worldcup/teams/team=43822/index.html', 'http://img.fifa.com/imgml/flags/s/kor.gif'),
(8, 0, 'Griekenland', '/worldcup/teams/team=43949/index.html', 'http://img.fifa.com/imgml/flags/s/gre.gif'),
(9, 0, 'Engeland', '/worldcup/teams/team=43942/index.html', 'http://img.fifa.com/imgml/flags/s/eng.gif'),
(10, 0, 'Verenigde Staten', '/worldcup/teams/team=43921/index.html', 'http://img.fifa.com/imgml/flags/s/usa.gif'),
(11, 0, 'Algerije', '/worldcup/teams/team=43843/index.html', 'http://img.fifa.com/imgml/flags/s/alg.gif'),
(12, 0, 'Sloveni', '/worldcup/teams/team=43968/index.html', 'http://img.fifa.com/imgml/flags/s/svn.gif'),
(13, 0, 'Duitsland', '/worldcup/teams/team=43948/index.html', 'http://img.fifa.com/imgml/flags/s/ger.gif'),
(14, 0, 'Australi', '/worldcup/teams/team=43976/index.html', 'http://img.fifa.com/imgml/flags/s/aus.gif'),
(15, 0, 'Servi', '/worldcup/teams/team=1902465/index.html', 'http://img.fifa.com/imgml/flags/s/srb.gif'),
(16, 0, 'Ghana', '/worldcup/teams/team=43860/index.html', 'http://img.fifa.com/imgml/flags/s/gha.gif'),
(17, 0, 'Nederland', '/worldcup/teams/team=43960/index.html', 'http://img.fifa.com/imgml/flags/s/ned.gif'),
(18, 0, 'Denemarken', '/worldcup/teams/team=43941/index.html', 'http://img.fifa.com/imgml/flags/s/den.gif'),
(19, 0, 'Japan', '/worldcup/teams/team=43819/index.html', 'http://img.fifa.com/imgml/flags/s/jpn.gif'),
(20, 0, 'Kameroen', '/worldcup/teams/team=43849/index.html', 'http://img.fifa.com/imgml/flags/s/cmr.gif'),
(21, 0, 'Itali', '/worldcup/teams/team=43954/index.html', 'http://img.fifa.com/imgml/flags/s/ita.gif'),
(22, 0, 'Paraguay', '/worldcup/teams/team=43928/index.html', 'http://img.fifa.com/imgml/flags/s/par.gif'),
(23, 0, 'Nieuw Zeeland', '/worldcup/teams/team=43978/index.html', 'http://img.fifa.com/imgml/flags/s/nzl.gif'),
(24, 0, 'Slowakije', '/worldcup/teams/team=44002/index.html', 'http://img.fifa.com/imgml/flags/s/svk.gif'),
(25, 0, 'Brazili', '/worldcup/teams/team=43924/index.html', 'http://img.fifa.com/imgml/flags/s/bra.gif'),
(26, 0, 'Noord-Korea', '/worldcup/teams/team=43821/index.html', 'http://img.fifa.com/imgml/flags/s/prk.gif'),
(27, 0, 'Ivoorkust', '/worldcup/teams/team=43854/index.html', 'http://img.fifa.com/imgml/flags/s/civ.gif'),
(28, 0, 'Portugal', '/worldcup/teams/team=43963/index.html', 'http://img.fifa.com/imgml/flags/s/por.gif'),
(29, 0, 'Spanje', '/worldcup/teams/team=43969/index.html', 'http://img.fifa.com/imgml/flags/s/esp.gif'),
(30, 0, 'Zwitserland', '/worldcup/teams/team=43971/index.html', 'http://img.fifa.com/imgml/flags/s/sui.gif'),
(31, 0, 'Honduras', '/worldcup/teams/team=43909/index.html', 'http://img.fifa.com/imgml/flags/s/hon.gif'),
(32, 0, 'Chili', '/worldcup/teams/team=43925/index.html', 'http://img.fifa.com/imgml/flags/s/chi.gif');

-- --------------------------------------------------------

--
-- Table structure for table `team_player`
--

CREATE TABLE IF NOT EXISTS `team_player` (
  `team_players_id` bigint(20) default NULL,
  `player_id` bigint(20) default NULL,
  KEY `FKA8176303A4529527` (`team_players_id`),
  KEY `FKA8176303F7DF32FA` (`player_id`)
) ENGINE=MyISAM DEFAULT CHARSET=latin1;

--
-- Dumping data for table `team_player`
--

INSERT INTO `team_player` (`team_players_id`, `player_id`) VALUES
(1, 1),
(1, 2),
(1, 3),
(1, 4),
(1, 5),
(1, 6),
(1, 7),
(1, 8),
(1, 9),
(1, 10),
(1, 11),
(1, 12),
(1, 13),
(1, 14),
(1, 15),
(1, 16),
(1, 17),
(1, 18),
(1, 19),
(1, 20),
(1, 21),
(1, 22),
(1, 23),
(2, 24),
(2, 25),
(2, 26),
(2, 27),
(2, 28),
(2, 29),
(2, 30),
(2, 31),
(2, 32),
(2, 33),
(2, 34),
(2, 35),
(2, 36),
(2, 37),
(2, 38),
(2, 39),
(2, 40),
(2, 41),
(2, 42),
(2, 43),
(2, 44),
(2, 45),
(2, 46),
(3, 47),
(3, 48),
(3, 49),
(3, 50),
(3, 51),
(3, 52),
(3, 53),
(3, 54),
(3, 55),
(3, 56),
(3, 57),
(3, 58),
(3, 59),
(3, 60),
(3, 61),
(3, 62),
(3, 63),
(3, 64),
(3, 65),
(3, 66),
(3, 67),
(3, 68),
(3, 69),
(4, 70),
(4, 71),
(4, 72),
(4, 73),
(4, 74),
(4, 75),
(4, 76),
(4, 77),
(4, 78),
(4, 79),
(4, 80),
(4, 81),
(4, 82),
(4, 83),
(4, 84),
(4, 85),
(4, 86),
(4, 87),
(4, 88),
(4, 89),
(4, 90),
(4, 91),
(4, 92),
(5, 93),
(5, 94),
(5, 95),
(5, 96),
(5, 97),
(5, 98),
(5, 99),
(5, 100),
(5, 101),
(5, 102),
(5, 103),
(5, 104),
(5, 105),
(5, 106),
(5, 107),
(5, 108),
(5, 109),
(5, 110),
(5, 111),
(5, 112),
(5, 113),
(5, 114),
(5, 115),
(6, 116),
(6, 117),
(6, 118),
(6, 119),
(6, 120),
(6, 121),
(6, 122),
(6, 123),
(6, 124),
(6, 125),
(6, 126),
(6, 127),
(6, 128),
(6, 129),
(6, 130),
(6, 131),
(6, 132),
(6, 133),
(6, 134),
(6, 135),
(6, 136),
(6, 137),
(6, 138),
(7, 139),
(7, 140),
(7, 141),
(7, 142),
(7, 143),
(7, 144),
(7, 145),
(7, 146),
(7, 147),
(7, 148),
(7, 149),
(7, 150),
(7, 151),
(7, 152),
(7, 153),
(7, 154),
(7, 155),
(7, 156),
(7, 157),
(7, 158),
(7, 159),
(7, 160),
(7, 161),
(8, 162),
(8, 163),
(8, 164),
(8, 165),
(8, 166),
(8, 167),
(8, 168),
(8, 169),
(8, 170),
(8, 171),
(8, 172),
(8, 173),
(8, 174),
(8, 175),
(8, 176),
(8, 177),
(8, 178),
(8, 179),
(8, 180),
(8, 181),
(8, 182),
(8, 183),
(8, 184),
(9, 185),
(9, 186),
(9, 187),
(9, 188),
(9, 189),
(9, 190),
(9, 191),
(9, 192),
(9, 193),
(9, 194),
(9, 195),
(9, 196),
(9, 197),
(9, 198),
(9, 199),
(9, 200),
(9, 201),
(9, 202),
(9, 203),
(9, 204),
(9, 205),
(9, 206),
(9, 207),
(10, 208),
(10, 209),
(10, 210),
(10, 211),
(10, 212),
(10, 213),
(10, 214),
(10, 215),
(10, 216),
(10, 217),
(10, 218),
(10, 219),
(10, 220),
(10, 221),
(10, 222),
(10, 223),
(10, 224),
(10, 225),
(10, 226),
(10, 227),
(10, 228),
(10, 229),
(10, 230),
(11, 231),
(11, 232),
(11, 233),
(11, 234),
(11, 235),
(11, 236),
(11, 237),
(11, 238),
(11, 239),
(11, 240),
(11, 241),
(11, 242),
(11, 243),
(11, 244),
(11, 245),
(11, 246),
(11, 247),
(11, 248),
(11, 249),
(11, 250),
(11, 251),
(11, 252),
(11, 253),
(12, 254),
(12, 255),
(12, 256),
(12, 257),
(12, 258),
(12, 259),
(12, 260),
(12, 261),
(12, 262),
(12, 263),
(12, 264),
(12, 265),
(12, 266),
(12, 267),
(12, 268),
(12, 269),
(12, 270),
(12, 271),
(12, 272),
(12, 273),
(12, 274),
(12, 275),
(12, 276),
(13, 277),
(13, 278),
(13, 279),
(13, 280),
(13, 281),
(13, 282),
(13, 283),
(13, 284),
(13, 285),
(13, 286),
(13, 287),
(13, 288),
(13, 289),
(13, 290),
(13, 291),
(13, 292),
(13, 293),
(13, 294),
(13, 295),
(13, 296),
(13, 297),
(13, 298),
(13, 299),
(14, 300),
(14, 301),
(14, 302),
(14, 303),
(14, 304),
(14, 305),
(14, 306),
(14, 307),
(14, 308),
(14, 309),
(14, 310),
(14, 311),
(14, 312),
(14, 313),
(14, 314),
(14, 315),
(14, 316),
(14, 317),
(14, 318),
(14, 319),
(14, 320),
(14, 321),
(14, 322),
(15, 323),
(15, 324),
(15, 325),
(15, 326),
(15, 327),
(15, 328),
(15, 329),
(15, 330),
(15, 331),
(15, 332),
(15, 333),
(15, 334),
(15, 335),
(15, 336),
(15, 337),
(15, 338),
(15, 339),
(15, 340),
(15, 341),
(15, 342),
(15, 343),
(15, 344),
(15, 345),
(16, 346),
(16, 347),
(16, 348),
(16, 349),
(16, 350),
(16, 351),
(16, 352),
(16, 353),
(16, 354),
(16, 355),
(16, 356),
(16, 357),
(16, 358),
(16, 359),
(16, 360),
(16, 361),
(16, 362),
(16, 363),
(16, 364),
(16, 365),
(16, 366),
(16, 367),
(16, 368),
(17, 369),
(17, 370),
(17, 371),
(17, 372),
(17, 373),
(17, 374),
(17, 375),
(17, 376),
(17, 377),
(17, 378),
(17, 379),
(17, 380),
(17, 381),
(17, 382),
(17, 383),
(17, 384),
(17, 385),
(17, 386),
(17, 387),
(17, 388),
(17, 389),
(17, 390),
(17, 391),
(18, 392),
(18, 393),
(18, 394),
(18, 395),
(18, 396),
(18, 397),
(18, 398),
(18, 399),
(18, 400),
(18, 401),
(18, 402),
(18, 403),
(18, 404),
(18, 405),
(18, 406),
(18, 407),
(18, 408),
(18, 409),
(18, 410),
(18, 411),
(18, 412),
(18, 413),
(18, 414),
(19, 415),
(19, 416),
(19, 417),
(19, 418),
(19, 419),
(19, 420),
(19, 421),
(19, 422),
(19, 423),
(19, 424),
(19, 425),
(19, 426),
(19, 427),
(19, 428),
(19, 429),
(19, 430),
(19, 431),
(19, 432),
(19, 433),
(19, 434),
(19, 435),
(19, 436),
(19, 437),
(20, 438),
(20, 439),
(20, 440),
(20, 441),
(20, 442),
(20, 443),
(20, 444),
(20, 445),
(20, 446),
(20, 447),
(20, 448),
(20, 449),
(20, 450),
(20, 451),
(20, 452),
(20, 453),
(20, 454),
(20, 455),
(20, 456),
(20, 457),
(20, 458),
(20, 459),
(20, 460),
(21, 461),
(21, 462),
(21, 463),
(21, 464),
(21, 465),
(21, 466),
(21, 467),
(21, 468),
(21, 469),
(21, 470),
(21, 471),
(21, 472),
(21, 473),
(21, 474),
(21, 475),
(21, 476),
(21, 477),
(21, 478),
(21, 479),
(21, 480),
(21, 481),
(21, 482),
(21, 483),
(22, 484),
(22, 485),
(22, 486),
(22, 487),
(22, 488),
(22, 489),
(22, 490),
(22, 491),
(22, 492),
(22, 493),
(22, 494),
(22, 495),
(22, 496),
(22, 497),
(22, 498),
(22, 499),
(22, 500),
(22, 501),
(22, 502),
(22, 503),
(22, 504),
(22, 505),
(22, 506),
(23, 507),
(23, 508),
(23, 509),
(23, 510),
(23, 511),
(23, 512),
(23, 513),
(23, 514),
(23, 515),
(23, 516),
(23, 517),
(23, 518),
(23, 519),
(23, 520),
(23, 521),
(23, 522),
(23, 523),
(23, 524),
(23, 525),
(23, 526),
(23, 527),
(23, 528),
(23, 529),
(24, 530),
(24, 531),
(24, 532),
(24, 533),
(24, 534),
(24, 535),
(24, 536),
(24, 537),
(24, 538),
(24, 539),
(24, 540),
(24, 541),
(24, 542),
(24, 543),
(24, 544),
(24, 545),
(24, 546),
(24, 547),
(24, 548),
(24, 549),
(24, 550),
(24, 551),
(24, 552),
(25, 553),
(25, 554),
(25, 555),
(25, 556),
(25, 557),
(25, 558),
(25, 559),
(25, 560),
(25, 561),
(25, 562),
(25, 563),
(25, 564),
(25, 565),
(25, 566),
(25, 567),
(25, 568),
(25, 569),
(25, 570),
(25, 571),
(25, 572),
(25, 573),
(25, 574),
(25, 575),
(26, 576),
(26, 577),
(26, 578),
(26, 579),
(26, 580),
(26, 581),
(26, 582),
(26, 583),
(26, 584),
(26, 585),
(26, 586),
(26, 587),
(26, 588),
(26, 589),
(26, 590),
(26, 591),
(26, 592),
(26, 593),
(26, 594),
(26, 595),
(26, 596),
(26, 597),
(26, 598),
(27, 599),
(27, 600),
(27, 601),
(27, 602),
(27, 603),
(27, 604),
(27, 605),
(27, 606),
(27, 607),
(27, 608),
(27, 609),
(27, 610),
(27, 611),
(27, 612),
(27, 613),
(27, 614),
(27, 615),
(27, 616),
(27, 617),
(27, 618),
(27, 619),
(27, 620),
(27, 621),
(28, 622),
(28, 623),
(28, 624),
(28, 625),
(28, 626),
(28, 627),
(28, 628),
(28, 629),
(28, 630),
(28, 631),
(28, 632),
(28, 633),
(28, 634),
(28, 635),
(28, 636),
(28, 637),
(28, 638),
(28, 639),
(28, 640),
(28, 641),
(28, 642),
(28, 643),
(28, 644),
(29, 645),
(29, 646),
(29, 647),
(29, 648),
(29, 649),
(29, 650),
(29, 651),
(29, 652),
(29, 653),
(29, 654),
(29, 655),
(29, 656),
(29, 657),
(29, 658),
(29, 659),
(29, 660),
(29, 661),
(29, 662),
(29, 663),
(29, 664),
(29, 665),
(29, 666),
(29, 667),
(30, 668),
(30, 669),
(30, 670),
(30, 671),
(30, 672),
(30, 673),
(30, 674),
(30, 675),
(30, 676),
(30, 677),
(30, 678),
(30, 679),
(30, 680),
(30, 681),
(30, 682),
(30, 683),
(30, 684),
(30, 685),
(30, 686),
(30, 687),
(30, 688),
(30, 689),
(30, 690),
(31, 691),
(31, 692),
(31, 693),
(31, 694),
(31, 695),
(31, 696),
(31, 697),
(31, 698),
(31, 699),
(31, 700),
(31, 701),
(31, 702),
(31, 703),
(31, 704),
(31, 705),
(31, 706),
(31, 707),
(31, 708),
(31, 709),
(31, 710),
(31, 711),
(31, 712),
(31, 713),
(32, 714),
(32, 715),
(32, 716),
(32, 717),
(32, 718),
(32, 719),
(32, 720),
(32, 721),
(32, 722),
(32, 723),
(32, 724),
(32, 725),
(32, 726),
(32, 727),
(32, 728),
(32, 729),
(32, 730),
(32, 731),
(32, 732),
(32, 733),
(32, 734),
(32, 735),
(32, 736);

-- --------------------------------------------------------

--
-- Table structure for table `test_do_customer`
--

CREATE TABLE IF NOT EXISTS `test_do_customer` (
  `id` bigint(20) NOT NULL auto_increment,
  `version` bigint(20) NOT NULL,
  `name` varchar(255) NOT NULL,
  PRIMARY KEY  (`id`)
) ENGINE=MyISAM DEFAULT CHARSET=latin1 AUTO_INCREMENT=1 ;

--
-- Dumping data for table `test_do_customer`
--


-- --------------------------------------------------------

--
-- Table structure for table `test_do_project`
--

CREATE TABLE IF NOT EXISTS `test_do_project` (
  `id` bigint(20) NOT NULL auto_increment,
  `version` bigint(20) NOT NULL,
  `name` varchar(255) NOT NULL,
  `customer_id` bigint(20) NOT NULL,
  PRIMARY KEY  (`id`),
  KEY `FKE6A22532E7090F7` (`customer_id`)
) ENGINE=MyISAM DEFAULT CHARSET=latin1 AUTO_INCREMENT=1 ;

--
-- Dumping data for table `test_do_project`
--


-- --------------------------------------------------------

--
-- Table structure for table `tournament`
--

CREATE TABLE IF NOT EXISTS `tournament` (
  `id` bigint(20) NOT NULL auto_increment,
  `version` bigint(20) NOT NULL,
  `the_final_id` bigint(20) default NULL,
  `consolidation_final_id` bigint(20) default NULL,
  `name` varchar(255) NOT NULL,
  PRIMARY KEY  (`id`),
  KEY `FKC4A259E9A394740B` (`consolidation_final_id`),
  KEY `FKC4A259E95E667F66` (`the_final_id`)
) ENGINE=MyISAM  DEFAULT CHARSET=latin1 AUTO_INCREMENT=3 ;

--
-- Dumping data for table `tournament`
--

INSERT INTO `tournament` (`id`, `version`, `the_final_id`, `consolidation_final_id`, `name`) VALUES
(1, 0, 9, 10, 'WK'),
(2, 0, 33, 34, 'WK');

-- --------------------------------------------------------

--
-- Table structure for table `tournament_group_round`
--

CREATE TABLE IF NOT EXISTS `tournament_group_round` (
  `tournament_group_rounds_id` bigint(20) default NULL,
  `group_round_id` bigint(20) default NULL,
  `group_rounds_idx` int(11) default NULL,
  KEY `FKA0B11278574C125B` (`group_round_id`)
) ENGINE=MyISAM DEFAULT CHARSET=latin1;

--
-- Dumping data for table `tournament_group_round`
--

INSERT INTO `tournament_group_round` (`tournament_group_rounds_id`, `group_round_id`, `group_rounds_idx`) VALUES
(1, 1, 0),
(1, 2, 1),
(1, 3, 2),
(1, 4, 3),
(1, 5, 4),
(1, 6, 5),
(1, 7, 6),
(1, 8, 7),
(2, 25, 0),
(2, 26, 1),
(2, 27, 2),
(2, 28, 3),
(2, 29, 4),
(2, 30, 5),
(2, 31, 6),
(2, 32, 7);

-- --------------------------------------------------------

--
-- Table structure for table `tournament_knockout_round`
--

CREATE TABLE IF NOT EXISTS `tournament_knockout_round` (
  `tournament_fourth_round_id` bigint(20) default NULL,
  `knockout_round_id` bigint(20) default NULL,
  `fourth_round_idx` int(11) default NULL,
  `tournament_quarter_finals_id` bigint(20) default NULL,
  `quarter_finals_idx` int(11) default NULL,
  `tournament_semi_finals_id` bigint(20) default NULL,
  `semi_finals_idx` int(11) default NULL,
  KEY `FKCD19A41FE3CAD4E5` (`knockout_round_id`)
) ENGINE=MyISAM DEFAULT CHARSET=latin1;

--
-- Dumping data for table `tournament_knockout_round`
--

INSERT INTO `tournament_knockout_round` (`tournament_fourth_round_id`, `knockout_round_id`, `fourth_round_idx`, `tournament_quarter_finals_id`, `quarter_finals_idx`, `tournament_semi_finals_id`, `semi_finals_idx`) VALUES
(1, 11, 0, NULL, NULL, NULL, NULL),
(1, 12, 1, NULL, NULL, NULL, NULL),
(1, 13, 2, NULL, NULL, NULL, NULL),
(1, 14, 3, NULL, NULL, NULL, NULL),
(1, 15, 4, NULL, NULL, NULL, NULL),
(1, 16, 5, NULL, NULL, NULL, NULL),
(1, 17, 6, NULL, NULL, NULL, NULL),
(1, 18, 7, NULL, NULL, NULL, NULL),
(NULL, 19, NULL, 1, 0, NULL, NULL),
(NULL, 20, NULL, 1, 1, NULL, NULL),
(NULL, 21, NULL, 1, 2, NULL, NULL),
(NULL, 22, NULL, 1, 3, NULL, NULL),
(NULL, 23, NULL, NULL, NULL, 1, 0),
(NULL, 24, NULL, NULL, NULL, 1, 1),
(2, 35, 0, NULL, NULL, NULL, NULL),
(2, 36, 1, NULL, NULL, NULL, NULL),
(2, 37, 2, NULL, NULL, NULL, NULL),
(2, 38, 3, NULL, NULL, NULL, NULL),
(2, 39, 4, NULL, NULL, NULL, NULL),
(2, 40, 5, NULL, NULL, NULL, NULL),
(2, 41, 6, NULL, NULL, NULL, NULL),
(2, 42, 7, NULL, NULL, NULL, NULL),
(NULL, 43, NULL, 2, 0, NULL, NULL),
(NULL, 44, NULL, 2, 1, NULL, NULL),
(NULL, 45, NULL, 2, 2, NULL, NULL),
(NULL, 46, NULL, 2, 3, NULL, NULL),
(NULL, 47, NULL, NULL, NULL, 2, 0),
(NULL, 48, NULL, NULL, NULL, 2, 1);

-- --------------------------------------------------------

--
-- Table structure for table `tournament_round`
--

CREATE TABLE IF NOT EXISTS `tournament_round` (
  `id` bigint(20) NOT NULL auto_increment,
  `version` bigint(20) NOT NULL,
  `second_id` bigint(20) default NULL,
  `winner_id` bigint(20) default NULL,
  `class` varchar(255) NOT NULL,
  PRIMARY KEY  (`id`),
  KEY `FK1BDE9BB83B891C03` (`second_id`),
  KEY `FK1BDE9BB86FD6C858` (`winner_id`)
) ENGINE=MyISAM  DEFAULT CHARSET=latin1 AUTO_INCREMENT=49 ;

--
-- Dumping data for table `tournament_round`
--

INSERT INTO `tournament_round` (`id`, `version`, `second_id`, `winner_id`, `class`) VALUES
(1, 0, 2, 1, 'prono.GroupRound'),
(2, 0, 6, 5, 'prono.GroupRound'),
(3, 0, 10, 9, 'prono.GroupRound'),
(4, 0, 14, 13, 'prono.GroupRound'),
(5, 0, 18, 17, 'prono.GroupRound'),
(6, 0, 22, 21, 'prono.GroupRound'),
(7, 0, 26, 25, 'prono.GroupRound'),
(8, 0, 30, 29, 'prono.GroupRound'),
(9, 1, 5, 25, 'prono.KnockoutRound'),
(10, 1, 29, 1, 'prono.KnockoutRound'),
(11, 1, 14, 9, 'prono.KnockoutRound'),
(12, 1, 6, 1, 'prono.KnockoutRound'),
(13, 1, 30, 25, 'prono.KnockoutRound'),
(14, 1, 22, 17, 'prono.KnockoutRound'),
(15, 1, 2, 5, 'prono.KnockoutRound'),
(16, 1, 10, 13, 'prono.KnockoutRound'),
(17, 1, 26, 29, 'prono.KnockoutRound'),
(18, 1, 18, 21, 'prono.KnockoutRound'),
(19, 1, 9, 1, 'prono.KnockoutRound'),
(20, 1, 17, 25, 'prono.KnockoutRound'),
(21, 1, 13, 5, 'prono.KnockoutRound'),
(22, 1, 21, 29, 'prono.KnockoutRound'),
(23, 1, 1, 25, 'prono.KnockoutRound'),
(24, 1, 29, 5, 'prono.KnockoutRound'),
(25, 0, 2, 1, 'prono.GroupRound'),
(26, 0, 6, 5, 'prono.GroupRound'),
(27, 0, 10, 9, 'prono.GroupRound'),
(28, 0, 14, 13, 'prono.GroupRound'),
(29, 0, 18, 17, 'prono.GroupRound'),
(30, 0, 22, 21, 'prono.GroupRound'),
(31, 0, 26, 25, 'prono.GroupRound'),
(32, 0, 30, 29, 'prono.GroupRound'),
(33, 0, NULL, NULL, 'prono.KnockoutRound'),
(34, 0, NULL, NULL, 'prono.KnockoutRound'),
(35, 0, NULL, NULL, 'prono.KnockoutRound'),
(36, 0, NULL, NULL, 'prono.KnockoutRound'),
(37, 0, NULL, NULL, 'prono.KnockoutRound'),
(38, 0, NULL, NULL, 'prono.KnockoutRound'),
(39, 0, NULL, NULL, 'prono.KnockoutRound'),
(40, 0, NULL, NULL, 'prono.KnockoutRound'),
(41, 0, NULL, NULL, 'prono.KnockoutRound'),
(42, 0, NULL, NULL, 'prono.KnockoutRound'),
(43, 0, NULL, NULL, 'prono.KnockoutRound'),
(44, 0, NULL, NULL, 'prono.KnockoutRound'),
(45, 0, NULL, NULL, 'prono.KnockoutRound'),
(46, 0, NULL, NULL, 'prono.KnockoutRound'),
(47, 0, NULL, NULL, 'prono.KnockoutRound'),
(48, 0, NULL, NULL, 'prono.KnockoutRound');

-- --------------------------------------------------------

--
-- Table structure for table `user`
--

CREATE TABLE IF NOT EXISTS `user` (
  `id` bigint(20) NOT NULL auto_increment,
  `version` bigint(20) NOT NULL,
  `enabled` bit(1) NOT NULL,
  `passwd` varchar(255) NOT NULL,
  `user_real_name` varchar(255) NOT NULL,
  `username` varchar(255) NOT NULL,
  `email_show` bit(1) NOT NULL,
  `email` varchar(255) NOT NULL,
  `description` varchar(255) NOT NULL,
  PRIMARY KEY  (`id`),
  UNIQUE KEY `username` (`username`)
) ENGINE=MyISAM  DEFAULT CHARSET=latin1 AUTO_INCREMENT=14 ;

--
-- Dumping data for table `user`
--

INSERT INTO `user` (`id`, `version`, `enabled`, `passwd`, `user_real_name`, `username`, `email_show`, `email`, `description`) VALUES
(1, 0, '', '1e152a34cf3235897562de7d0f6b13a8a8f6503e', 'Admin', 'admin', '\0', 'pieter.herroelen@gmail.com', ''),
(2, 1, '', 'a9993e364706816aba3e25717850c26c9cd0d89d', 'Jozef Wouters', 'jef', '\0', 'rampzalig@hotmail.com', ''),
(3, 1, '', 'a9993e364706816aba3e25717850c26c9cd0d89d', 'Ernst Van Camp', 'ernst', '\0', 'veterkes@hotmail.com', ''),
(4, 1, '', 'a9993e364706816aba3e25717850c26c9cd0d89d', 'Mario Lievens', 'makkes', '\0', 'lievensmario@hotmail.com', ''),
(5, 1, '', '1e152a34cf3235897562de7d0f6b13a8a8f6503e', 'Lieven Stoefs', 'lieven', '\0', 'lievenstoefs@hotmail.com', ''),
(6, 2, '', 'a9993e364706816aba3e25717850c26c9cd0d89d', 'Jonas Vanden Bempt', 'eenjonas', '\0', 'jonasvandenbempt@hotmail.com', ''),
(7, 1, '', 'a9993e364706816aba3e25717850c26c9cd0d89d', 'Thomas Van Camp', 'thomas', '\0', 'witloof@hotmail.com', ''),
(8, 1, '', 'a9993e364706816aba3e25717850c26c9cd0d89d', 'Pieter De Witte', 'witte', '\0', 'pde_witte@hotmail.com', ''),
(9, 1, '', 'a9993e364706816aba3e25717850c26c9cd0d89d', 'Toon Jansegers', 'twanne', '\0', 'tunkes@gmail.com', ''),
(10, 1, '', 'a9993e364706816aba3e25717850c26c9cd0d89d', 'Hans Vanagtmaal', 'hans', '\0', 'hansvanagtmaal@hotmail.com', ''),
(11, 1, '', 'a9993e364706816aba3e25717850c26c9cd0d89d', 'Jacob Cottyn', 'jay', '', 'jacobcottyn@hotmail.com', ''),
(12, 1, '', 'a9993e364706816aba3e25717850c26c9cd0d89d', 'Raf D''haese', 'raf', '\0', 'rafdhaese@hotmail.com', ''),
(13, 3, '', 'a9993e364706816aba3e25717850c26c9cd0d89d', 'Mathias Debroux', 'mathi', '\0', 'mathias_debroux@hotmail.com', '');
